NDVI,NDWI,elevation,slope,lat,lon,label
0.07667310885265523,-0.2317269926869936,109.64347914135277,5.997885925916344,26.8593754,-12.2031702,1.0
0.07673441809802099,-0.23036181478147508,119.9780275415147,6.971241274316718,26.8613458,-12.164305,1.0
0.07063505845195553,-0.21745606857677413,292.8203038535065,1.5706996456670206,27.6125899,-11.1046547,1.0
0.07067711870920328,-0.21709538353804722,292.7764481094127,1.5579641615779558,27.6125977,-11.1047045,1.0
0.0705642834342502,-0.2179038900040513,292.9326961770623,1.585615614700795,27.6125588,-11.1045846,1.0
0.2588718318732011,-0.35074556975948207,321.68708376324923,2.45278513766565,34.2576755,-4.6239488,1.0
0.07590053470814183,-0.2687230144045803,359.80137190575596,2.6442935140244064,28.8309658,-9.0484935,1.0
0.06516638354641109,-0.25419651077030647,395.26988862370723,2.766013063241446,28.8593011,-9.0187749,1.0
0.38766183554798306,-0.44175877970040534,257.77741207447804,6.47774508824172,34.0281173,-4.8834863,1.0
0.09417970467919351,-0.30958459752090933,1319.6622450999812,11.518444437894276,29.3480185,-9.146794,1.0
0.09085795826740627,-0.3091893157341711,1324.7112606372452,7.9006912298150755,29.3580219,-9.1660129,1.0
0.08928043039663869,-0.3122463990591339,1284.661124307205,9.494935832117186,29.330966,-9.1446786,1.0
0.08605646681249969,-0.305863478797949,1269.155034155034,11.19837957228213,29.328969,-9.1458641,1.0
0.089192461037695,-0.33962175251165666,1353.5251087386323,3.424900102940602,29.4260438,-9.1420151,1.0
0.1079901505695738,-0.35742213905602116,1404.5476308240184,8.499454760317963,29.399442,-9.1985299,1.0
0.0943000556459605,-0.31427627189980006,1363.6059946582252,15.3013363380896,29.3740146,-9.1936697,1.0
0.09173586550000098,-0.3193333664378814,1381.5787495053423,13.683623778923824,29.3746083,-9.1906603,1.0
0.08890632226398848,-0.30619629930757325,1393.778668249728,11.320163317218116,29.3933288,-9.1967543,1.0
0.09147736840319239,-0.3050260329604754,1376.460975368484,11.366619755141206,29.3924641,-9.1959657,1.0
0.0965997510564436,-0.3235048904152858,1382.5466600692725,12.484549770477095,29.3750009,-9.1946729,1.0
0.09249836811585901,-0.30981730765046467,1404.1881864054617,8.22731805883294,29.371191,-9.1958048,1.0
0.09467185656625468,-0.3274570519798488,1384.1432245301683,13.102984643477717,29.3808888,-9.2011606,1.0
0.09309559855120027,-0.3156143576917964,1402.2527211557488,8.616620591532204,29.3766836,-9.1940616,1.0
0.10358922670064184,-0.37050047105731027,1359.0316674913408,4.816279729486855,29.3841816,-9.2031755,1.0
0.10507536705717559,-0.34124770589022285,1351.9460929772501,12.82051197400079,29.3898654,-9.1937287,1.0
0.10153861653719827,-0.3258023049371602,1367.438761377127,11.237910456628159,29.3904964,-9.1912343,1.0
0.09985829908269175,-0.32567147227521365,1372.5714426975183,12.50838503959706,29.3913985,-9.1913416,1.0
0.10804977529420941,-0.35408662999708185,1372.582179588608,13.90135114440611,29.388538,-9.1959121,1.0
0.09039087092895944,-0.3043302888382267,1398.8902740674785,10.759822228001926,29.3680588,-9.1929616,1.0
0.09591613259928974,-0.3234842062558356,1387.3280569845663,12.791510048108822,29.3730749,-9.1949036,1.0
0.10418590831613421,-0.36023460521169837,1370.5252175632907,6.849292832617921,29.4104384,-9.1930448,1.0
0.09281339691177544,-0.3203227414261491,1384.8747030878858,12.986318484998716,29.3566072,-9.2427158,1.0
0.0941596924021496,-0.3275388326382187,1406.5148965653764,5.960057240364092,29.358866,-9.2446251,1.0
0.09495342901542074,-0.3367758750654753,1367.844958939349,10.126594849816835,29.351745,-9.2412991,1.0
0.09042266147806806,-0.311142830505117,1363.7860888493124,11.442719207503998,29.3542888,-9.2320992,1.0
0.08859734600049103,-0.30760385826716163,1358.612111616861,12.109063912694667,29.3548918,-9.2330165,1.0
0.09200459902722302,-0.33335140004887803,1400.9419974265074,5.707825557588464,29.3468208,-9.2620814,1.0
0.09083079112928322,-0.3208271769310629,1369.1095280498666,14.096397895404582,29.3486631,-9.2698142,1.0
0.08948542032441316,-0.310179005740784,1375.7726553225168,6.172480152537336,29.3812971,-9.1569455,1.0
0.10187406302707384,-0.31042502529842564,1255.790693069307,15.08996950887147,29.3295935,-9.3021787,1.0
0.10370105139614126,-0.32610830219792747,1249.6636651494166,11.846089135909258,29.3285552,-9.2990673,1.0
0.08916742266495728,-0.31728800753948305,1301.910891089109,7.740838824121079,29.3048783,-9.3534571,1.0
0.09550686303248344,-0.33855197548607124,1318.1162146109675,6.557720641765911,29.3034703,-9.3504477,1.0
0.09435299528606696,-0.339466187669565,1395.0390586373971,6.413759431443291,29.4234996,-9.1532228,1.0
0.08901749997633425,-0.3221513561516345,1376.1218740733418,7.306698766221675,29.4207568,-9.1513989,1.0
0.08097751835151863,-0.31198382931041313,1354.1227618953405,6.390432685710918,29.4156916,-9.1551057,1.0
0.09663892155200197,-0.3422395503598476,1389.409432469844,9.543520975070486,29.4265331,-9.1593256,1.0
0.11123302061428189,-0.3078888340439713,1300.7858979430378,10.065328352213676,29.3932361,-9.1762737,1.0
0.09719633772874045,-0.3264958705614332,1413.9322634636205,14.21972981689556,29.8373747,-8.8620257,1.0
0.10286823538513663,-0.3165530529240835,1487.2639094042343,11.847109467568862,29.8208773,-8.8655501,1.0
0.09201080174755835,-0.2767666218299552,1308.687696850394,21.32480376936581,29.8362114,-8.8552397,1.0
0.09820816646073806,-0.27985906758002965,1246.709699655342,9.80076493890288,29.837719,-8.8531422,1.0
0.09498342146203557,-0.2971805561006321,1296.3165928114229,15.96458421802943,29.8332657,-8.8525467,1.0
0.10845604846544525,-0.3617227744850467,1346.9891089108905,8.933556003806611,29.308886,-9.3422074,1.0
0.09576462871578698,-0.33883485272004205,1305.6647856647865,5.219291742715895,29.3091071,-9.3472772,1.0
0.09372048845377222,-0.34255694483494414,1332.6258665082187,9.412546691716974,29.3097189,-9.3447715,1.0
0.09059691234845024,-0.31831945499897313,1298.249579416131,5.116008698834104,29.3081565,-9.3496532,1.0
0.09717584152140721,-0.33908362281416454,1361.5343821114077,15.734357046163364,29.3359434,-9.2878712,1.0
0.10780103651227065,-0.34208979086072144,1306.6019801980194,14.153874060813411,29.314331,-9.3288339,1.0
0.09403427539507127,-0.32152486975142025,1384.9723844402654,7.812669115362459,29.3444963,-9.2526484,1.0
0.09094168328998317,-0.3246940437818194,1335.4827347383002,9.783502466062219,29.3392356,-9.287147,1.0
0.09114914388177785,-0.32164529355172755,1385.2903927970715,12.45382152461165,29.3465632,-9.2651958,1.0
0.09311602431264149,-0.32502683611563693,1410.1567016432389,6.2846519654988064,29.34935,-9.2643375,1.0
0.09375228788868094,-0.32530160637882344,1372.4538887789429,11.799591110221181,29.3442719,-9.2627818,1.0
0.0951848261775155,-0.32507143564303026,1360.9885239414325,12.91943454258896,29.3499298,-9.2715902,1.0
0.08624712144996981,-0.30619032922464406,1379.3024935681776,9.084503497360135,29.3481811,-9.2737091,1.0
0.0923242890948595,-0.32518406009771306,1400.5476685476683,6.73065861696806,29.3510333,-9.2678565,1.0
0.09434231849915277,-0.32790141984327986,1358.2576462436896,12.774177354880393,29.3431637,-9.2551321,1.0
0.09518382821493815,-0.32999135303708704,1345.66564447522,11.692706621298157,29.3422144,-9.2551053,1.0
0.09213400279954242,-0.31919731719551214,1360.33112254999,12.563108560945036,29.3432993,-9.2626852,1.0
0.08991670384345309,-0.322773898347134,1409.4113397981394,7.117739880948885,29.3496399,-9.2664457,1.0
0.09094209850437966,-0.315998216763139,1368.8222024339568,9.195632578918515,29.3549142,-9.2702008,1.0
0.08771739437611165,-0.3071486833031227,1379.6653473184247,9.152817100211708,29.3490227,-9.2588443,1.0
0.0901914053976273,-0.32428780594299983,1382.7884843688166,7.830157438794254,29.3416906,-9.2585868,1.0
0.09179616573473348,-0.3166909349994392,1368.4342105263158,10.894200176998414,29.3424669,-9.2609471,1.0
0.09233333273322623,-0.3184298478991648,1366.6730007917656,14.895862869582094,29.3431169,-9.2639298,1.0
0.08784166599738372,-0.3084426829140962,1376.7856930840014,13.21462849458672,29.3497241,-9.2729581,1.0
0.08721741955919261,-0.32002163270832357,1370.128326902147,10.099434525841685,29.343187,-9.2582757,1.0
0.0930981775474643,-0.31408891961179325,1330.5823273302983,11.481171607475762,29.3457262,-9.2785317,1.0
0.09254417874093827,-0.30133560830773676,1313.456569054215,6.257580414042909,29.3494903,-9.2812944,1.0
0.08967200424109766,-0.3181493339209217,1310.0071251855516,10.095976138743225,29.3410594,-9.28756,1.0
0.09125006310788795,-0.31338559261050164,1296.301088031652,6.415968388283078,29.3476854,-9.2834616,1.0
0.09113434572226521,-0.3081334497138482,1350.2046309123293,10.31057583363688,29.3480034,-9.2767936,1.0
0.09453181344088703,-0.3246321630586954,1347.4344213649852,10.732143990453718,29.34614,-9.2402405,1.0
0.08791244608528148,-0.2998398833055909,1303.442882597505,8.503889206824173,29.3461143,-9.2807687,1.0
0.09685115559402659,-0.33251300453709903,1331.0880403600747,12.112233079674333,29.3397874,-9.2546171,1.0
0.09462230567997611,-0.3282780967032191,1331.3742458708336,12.530383544329675,29.3647652,-9.202711,1.0
0.08737424595303146,-0.32997075156893046,1359.8237388724035,7.174611010348644,29.3621939,-9.2182839,1.0
0.08433017368761261,-0.3114135327872693,1390.5447259054024,6.3891974943875915,29.3616702,-9.2216635,1.0
0.09192775591350434,-0.31862231555870657,1360.6705568193058,16.976316366572018,29.3625118,-9.2044813,1.0
0.08312969002127484,-0.2978095872679255,1389.2188488924048,11.851007638860866,29.3644473,-9.2053718,1.0
0.10676093734158218,-0.3382240929846748,1319.4484908461159,16.047262817205382,29.3638162,-9.2016596,1.0
0.09615644131400401,-0.32601484219756904,1332.5426394934705,12.475396457848737,29.363545,-9.2028773,1.0
0.09511540826418664,-0.33475709191362585,1356.7204907489863,9.025496109074274,29.3748257,-9.2005009,1.0
0.10363475337519865,-0.3403839108101111,1395.550776228617,11.96632893078643,29.3992996,-9.1950077,1.0
0.0952136287686767,-0.3209927332925961,1379.200435083556,17.037245455922662,29.3817768,-9.1988326,1.0
0.10081170304273246,-0.34075417675482694,1396.5810343122707,10.999833028890963,29.4007951,-9.198339,1.0
0.10338129232204596,-0.33414984190296776,1350.1640106898935,9.44691473340314,29.3437726,-9.2066972,1.0
0.08983782981075827,-0.32968437211320895,1354.2742653606408,7.104152336943479,29.3526242,-9.2204998,1.0
0.09180188446127156,-0.3216337601347711,1346.082121302068,8.59417148294507,29.3509921,-9.2171594,1.0
0.09734350310476012,-0.30860360508045276,1224.8861836896278,29.85100173921879,29.3334977,-9.1996822,1.0
0.07582103466217367,-0.28584809524253213,1396.6982195845696,5.734335683009393,29.3649019,-9.2067428,1.0
0.08639724695734383,-0.3085828155577263,1386.845073209339,9.220544757075052,29.3574775,-9.2199607,1.0
0.08385759411789809,-0.3041777708786521,1385.447105393369,9.136789353468343,29.3610542,-9.2088725,1.0
0.09004250756176471,-0.3193248378194905,1367.100049480455,14.889695776236474,29.357772,-9.2156584,1.0
0.09365277879953865,-0.339808546992267,1373.9146220815196,4.56184716198179,29.3731766,-9.2208834,1.0
0.0847217664336363,-0.3101279674462331,1387.5835640822784,5.257830308238668,29.3707784,-9.2236005,1.0
0.08741774705810193,-0.32896567417985767,1388.4193867457957,3.9336458761106585,29.3731018,-9.2233886,1.0
0.09705320382423781,-0.3178094987392728,1339.2553170442177,16.079234490571647,29.348177,-9.1479647,1.0
0.0935130083649602,-0.3099879508788833,1347.2365921234905,7.003434986876467,29.3640038,-9.1486674,1.0
0.08769890683129364,-0.2983808128141209,1356.0313581956668,8.381722950435341,29.3650184,-9.1499012,1.0
0.09188748041289665,-0.34069569546927153,1346.0434008897676,6.03151886593656,29.4048523,-9.1473585,1.0
0.09315421684809949,-0.3391963321608036,1302.6119624320318,5.638646625837522,29.4006088,-9.1697147,1.0
0.09395453885152509,-0.3370017429960641,1329.2278393351799,3.512625189156791,29.4096003,-9.154799,1.0
0.09737181900133939,-0.34388567504949585,1329.793945988723,6.4801150746125495,29.4059599,-9.1510117,1.0
0.10660091237945143,-0.3449777076146923,1383.4968348170132,14.09429894433583,29.3979262,-9.1868916,1.0
0.09238843077007318,-0.3192072984970979,1373.2724393864423,10.666401169006338,29.3633467,-9.2359359,1.0
0.09038834504677894,-0.3233189448687169,1375.851108033241,10.32289749921713,29.3643986,-9.2372663,1.0
0.09363988168339656,-0.33596703963823304,1343.7522518063945,4.756311485669961,29.3189252,-9.3399775,1.0
0.09569928838822792,-0.3514185551955994,1322.9968313694424,6.623562221645611,29.3134526,-9.3444755,1.0
0.0971868830794852,-0.323471348299289,1344.0576351752823,7.173516073494198,29.3002518,-9.357098,1.0
0.096703277798469,-0.3366883000581467,1350.0703751360977,8.316821162538846,29.3139999,-9.3422976,1.0
0.08300311218751534,-0.30033163848373656,1292.0106898940905,8.051331086161799,29.3008272,-9.364812,1.0
0.08908621281031828,-0.2968698464540661,1274.0352545058427,7.748333285940086,29.3059075,-9.3652036,1.0
0.07904288615533926,-0.28750654795409114,1280.2216612216614,13.331795771338626,29.3145144,-9.2576363,1.0
0.09114178786441544,-0.31305890728519253,1300.1759231759236,13.77669266084317,29.3279707,-9.245148,1.0
0.1069791669282296,-0.3331657883334214,1324.2344615993668,10.385316254947334,29.3051049,-9.3428817,1.0
0.10283905945141524,-0.3225323050407587,1340.385605385606,10.649382287975769,29.3067982,-9.3389067,1.0
0.09973648255331395,-0.30944958796083094,1265.3848589807021,11.953926701217753,29.3078929,-9.3326303,1.0
0.09854666054216098,-0.3726874882010925,1298.9670329670328,5.072958943231928,29.3291877,-9.4771205,1.0
0.08117254019808788,-0.3142268350300858,1377.8561535417489,4.420122975452841,29.3730253,-9.2134874,1.0
0.0940575205462497,-0.32968549565499466,1406.5063303659742,7.368430198642081,29.3816453,-9.2127364,1.0
0.09019238641041497,-0.32627503304341365,1402.7324891175306,7.446613876820552,29.380645,-9.2161428,1.0
0.09437518860020926,-0.3317187718608038,1398.724349460769,6.833391768183136,29.3805421,-9.2102795,1.0
0.09001848467263776,-0.32746667674892843,1393.6539032353814,7.750440784834416,29.3802243,-9.2192488,1.0
0.09349355120791879,-0.330937089502059,1393.5491689750695,11.295736413938203,29.3796353,-9.207549,1.0
0.09840626626751327,-0.3613736140720716,1385.485801919462,5.388024739068534,29.3760452,-9.211406,1.0
0.11229378687158946,-0.38044248830385263,1258.600198019802,9.14636532758174,29.3203753,-9.4593977,1.0
0.10599377120185148,-0.3739119599793671,1260.5721353651297,9.068396469983387,29.3215305,-9.4567799,1.0
0.11739832305330503,-0.37725102674997657,1269.272601247648,8.304120173323497,29.3135042,-9.4709634,1.0
0.09603849584415965,-0.3389418056801357,1325.7812314393186,6.6521166124997135,29.3183232,-9.3368322,1.0
0.09925545899154226,-0.3309094993983345,1328.3288457731142,4.405198815031415,29.3256991,-9.3304592,1.0
0.092521607982266,-0.31979196156309303,1301.3010294991088,12.224324421906932,29.2957668,-9.3682945,1.0
0.10878739474407326,-0.3564387864149754,1294.6506286506285,7.660827751478786,29.2896857,-9.3698042,1.0
0.11714412926873687,-0.3496463477886162,1272.011875309253,7.04568477964749,29.305985,-9.5007168,1.0
0.09856982168441494,-0.35211397448128035,1294.1092744729285,4.20331632389774,29.3124306,-9.5047533,1.0
0.10908123928746612,-0.3629286986947025,1297.4254750593827,5.27901786568607,29.3144207,-9.4948054,1.0
0.11488597981422138,-0.3701312823116152,1275.3949504950494,6.271494462714336,29.3115348,-9.4977423,1.0
0.10839992596758577,-0.3667209437574555,1256.6828398851371,6.958160607209714,29.3129454,-9.4621305,1.0
0.09972296128073721,-0.3452514250726789,1392.7594974277797,4.955875197075303,29.3834698,-9.2202019,1.0
0.09316129259271907,-0.3245319603403194,1351.7990695832925,10.940436786993622,29.3522967,-9.2071878,1.0
0.09478296403676424,-0.3547153745719168,1380.4594006527548,6.564883446424604,29.3780568,-9.2175948,1.0
0.09176810760190143,-0.32974853176622615,1418.3772875655357,6.311480912466245,29.3815346,-9.2252391,1.0
0.09094151034802904,-0.31445260982171597,1356.7211005542358,10.476479419100784,29.3510108,-9.2084699,1.0
0.0959868426329749,-0.34357616091448306,1341.171827084776,5.689735123070768,29.3756727,-9.2032986,1.0
0.09455759370661543,-0.34176562607429056,1366.1826456911053,7.669455011591331,29.3546111,-9.2039316,1.0
0.09331738777767587,-0.33245431127940445,1423.6537776898733,6.712260628226968,29.382605,-9.2258453,1.0
0.09837866690916126,-0.30420228535798743,1753.673228346457,12.079024489587686,29.8875321,-8.4820355,1.0
0.09657233782093036,-0.2879864855610777,1753.81804762842,10.533238207110351,29.9532693,-8.4204736,1.0
0.08184895998850554,-0.2664392855961453,1761.7103373659875,9.327382309827412,29.9529591,-8.4188318,1.0
0.08269040713267217,-0.28397100565207667,1814.8041937389253,16.279315890999218,29.8742235,-8.4797504,1.0
0.1740110085037194,-0.3216776554627677,712.1964060223409,2.7715026135060206,31.1435501,-4.021945,1.0
0.0963579416267114,-0.36426827711000953,1377.555632479478,5.027238779583618,29.3757661,-9.2247446,1.0
0.09047844466690878,-0.31405898112012925,1370.4530075187965,13.780071244604933,29.3810716,-9.204956,1.0
0.0889659355933053,-0.3030859400871498,1389.3381843381842,7.150104340455376,29.3529045,-9.2737372,1.0
0.09127409688053059,-0.30951292078591125,1360.103502869582,8.719523628287478,29.3500661,-9.275899,1.0
0.08674564993658235,-0.29770593768537895,1337.4392754627338,9.618316471537621,29.3491452,-9.2786188,1.0
0.08897364168183561,-0.3187264541273925,1354.595174527835,12.946702885813993,29.4241794,-9.1644702,1.0
0.09995229439714845,-0.34259509455786535,1351.4549228944247,9.816374609007484,29.426637,-9.1629628,1.0
0.09213524688053777,-0.324295207374831,1351.5499060243344,11.499001854757774,29.4243195,-9.1642235,1.0
0.0918468998424942,-0.32978000336591284,1355.3457888493472,11.342303230150637,29.4250811,-9.1640196,1.0
0.09292771804805741,-0.3677936921308901,1355.9104211983388,5.724576082829786,29.4298378,-9.1633652,1.0
0.22664121126728853,-0.3160553073174421,60.32615644979313,2.3659347605776038,34.048111,-6.7848536,1.0
0.06281607747093645,-0.22759041872484678,543.5398543593781,5.001128323407893,29.9039925,-5.7535167,1.0
0.08242159143226364,-0.3108536790207679,1349.9927829955511,7.686333754840382,29.4160561,-9.1520448,1.0
0.08457992398329324,-0.28268387478890405,1353.9001978239367,3.8815035548101644,29.3809924,-9.1410693,1.0
0.10177903179842973,-0.34378133098416375,1275.847059988121,5.764723710642161,29.3018251,-9.5109548,1.0
0.10138049279177092,-0.34795854703736473,1283.2522281639926,5.468502310407731,29.3090092,-9.5073094,1.0
0.1116336676206132,-0.35958590524450856,1233.9555445544559,8.794436669796433,29.2804268,-9.530044,1.0
0.10749665515605,-0.3627827743572389,1256.132759132759,9.901496299916712,29.3117013,-9.5086403,1.0
0.10132555564695035,-0.3553541658848971,1223.0114885609582,11.595825500000908,29.2795139,-9.529771,1.0
0.10223083289565688,-0.33985811935692206,1276.123652191117,10.154915163374499,29.3249304,-9.4933681,1.0
0.09828836048910362,-0.34830790072462114,1285.9459405940597,3.878322233941296,29.3302997,-9.4809332,1.0
0.10312907899112028,-0.39504884771287224,1293.4884733353122,5.8684246596448375,29.3303536,-9.4722036,1.0
0.11217617810964424,-0.40540469267505086,1299.0359299218053,5.7462963024092435,29.330149,-9.4700321,1.0
0.09901382043733652,-0.411082434172869,1247.1434085510687,7.096002975952405,29.3097714,-9.551086,1.0
0.09497850351077826,-0.3641561155884804,1277.8370780956152,4.379044115605499,29.30609,-9.5495947,1.0
0.10325944035227881,-0.37572611091332747,1284.5159342834522,5.0081824794269965,29.3019946,-9.5270507,1.0
0.09521081373862521,-0.37875522142230433,1279.4360091062058,6.341078573543813,29.3185861,-9.5496456,1.0
0.09456588611297763,-0.37463246186081833,1279.4303672176584,7.004113848843278,29.3187359,-9.5496081,1.0
0.11480767864216647,-0.40909598626447813,1282.7760071265957,8.62455566800444,29.301922,-9.5248457,1.0
0.10312453031655222,-0.3375770500662905,1289.1313861386138,5.763913824986325,29.2662038,-9.5365079,1.0
0.11601939193613817,-0.3397076201692986,1167.9125656005542,13.992836067140404,29.2552172,-9.544123,1.0
0.12124990447816227,-0.3668074655835797,1281.2898306763047,8.746563668844779,29.2685377,-9.5302709,1.0
0.10903013996589024,-0.3414329313147703,1118.0815093592155,9.475575529125242,29.2620575,-9.5613291,1.0
0.11262850490879457,-0.3515188213166708,1280.937450514647,9.261619881935559,29.3098205,-9.4859272,1.0
0.11375968041206959,-0.38707430656246655,1241.5238000989611,11.039908802125906,29.3270401,-9.4507049,1.0
0.12947438680627374,-0.3964243570277487,1268.8246586186424,14.146609383399616,29.3196759,-9.4733023,1.0
0.10900965963565505,-0.4011089660474162,1297.116762319414,7.536035650405889,29.3181115,-9.4819981,1.0
0.1207869952569839,-0.3915684521231788,1253.8641853098393,11.326670125649013,29.3203471,-9.4707301,1.0
0.10544993167607683,-0.36694691972630766,1222.5645288994456,10.979262377491615,29.3272555,-9.4485913,1.0
0.12706986144704374,-0.3921513659483999,1262.4769779186054,14.398619687271555,29.3199192,-9.4721409,1.0
0.11021914146050742,-0.40193952343128786,1276.215622215622,6.716873244223176,29.2893278,-9.5037557,1.0
0.10780331718436742,-0.40151670852986004,1302.9799009900992,7.589717284334771,29.3185371,-9.4823329,1.0
0.11704986085931261,-0.3421518606683281,1258.5492623031985,7.451190099343249,29.3027265,-9.5018409,1.0
0.09140242065500177,-0.36251393537455934,1258.9491038716708,5.800143395660947,29.3028436,-9.5553638,1.0
0.0947124678566261,-0.3802756690089521,1244.981393507522,10.968694668017713,29.3068757,-9.556088,1.0
0.10106131393319356,-0.3821991697863933,1237.6055682155943,5.789222167638998,29.2754738,-9.5670743,1.0
0.10041111927311394,-0.34794671771932384,1278.8397543824904,7.70059532325575,29.2903153,-9.5291916,1.0
0.11112219887434889,-0.3766009422273733,1247.4514053840066,14.075394089499166,29.3248789,-9.4550714,1.0
0.09671045057932962,-0.2989376845503884,1337.8898188263095,19.14636696063737,29.844851,-8.8608392,1.0
0.09357617158648722,-0.3290816618385423,1345.983357951748,13.38775160849124,29.8465632,-8.8668473,1.0
0.09516046558900224,-0.2965914390840658,1318.3179042741772,11.57818505828343,29.8467445,-8.8753496,1.0
0.09316444626774781,-0.32004587492353154,1399.907912957468,4.341886199322466,29.394774,-9.2091206,1.0
0.08938591340941067,-0.3380211181921009,1350.2831700801423,6.284865484584118,29.4042403,-9.1342576,1.0
0.09174740586331645,-0.3360932549009731,1350.4954500494555,10.877739310050092,29.4029598,-9.1202619,1.0
0.10497834605463048,-0.3397729575146311,1406.8588944922383,7.5105504049670655,29.3969213,-9.2005887,1.0
0.08131729838907745,-0.3118342596133679,1349.7891042119832,7.444906006768189,29.4153435,-9.1533387,1.0
0.08497885067619884,-0.3261415136669573,1365.0765351527739,7.475867177498729,29.4027308,-9.1376265,1.0
0.08771291376223754,-0.3226368199435521,1382.0886777513858,6.643742752578585,29.3575006,-9.2251738,1.0
0.08942568647003003,-0.3266733278956576,1380.8981591448933,7.5624935416739225,29.359656,-9.2191656,1.0
0.08300751698032299,-0.2943944969632772,1403.0563909774432,6.478335113312162,29.3603386,-9.2263915,1.0
0.09565477831393053,-0.3285500863805974,1345.6657103284526,11.160873816407834,29.3553218,-9.2385473,1.0
0.09086693054361057,-0.3260334900178095,1312.864014251781,9.444539331619405,29.335673,-9.2420449,1.0
0.10309537443188665,-0.37484583026576046,1411.1495253164553,4.379007344208416,29.3929629,-9.2156144,1.0
0.08960958594963009,-0.31779090642518776,1347.3375890736343,7.006060026494966,29.3597776,-9.2332526,1.0
0.09188830969934231,-0.32650766406323317,1355.4409814979713,6.769329195330441,29.3612223,-9.2326571,1.0
0.09006547051825621,-0.3137983853237167,1348.9877385543355,13.087404714206986,29.358501,-9.2351731,1.0
0.09568940143667043,-0.32695112721649927,1366.9290022743005,10.833040333225616,29.3748404,-9.165382,1.0
0.10527468953953138,-0.3177222856692144,1737.8845017723513,14.948467787770406,29.8863325,-8.4819223,1.0
0.15161791695710417,-0.274064125360466,1380.4941733775458,4.716747835562689,33.4139597,-4.3895342,1.0
0.06668214154788818,-0.21665383799812013,921.0769080807096,16.07992112062539,30.8278381,-5.6646128,1.0
0.1001413127386836,-0.2345944426132304,1080.9465641328998,7.825519737566903,29.7425869,-8.9131385,1.0
0.09113774642801419,-0.24002236700647547,1061.3127032620482,2.80212637975649,29.7421071,-8.917956,1.0
0.1341779736022701,-0.29151066950997817,1509.6721860831851,12.923367125311708,29.7651604,-8.848473,1.0
0.11743605345842396,-0.2510094383385329,1177.3428317886019,8.245684616924434,29.7416126,-8.8901985,1.0
0.14159917011468445,-0.30303424133697004,1515.7302839116717,13.253522317526704,29.7654278,-8.8500362,1.0
0.1330277772111838,-0.2896031729786461,1515.3140210858212,12.723195808868574,29.7655428,-8.8495991,1.0
0.13360516159444444,-0.2970713458007646,1517.3351074314994,11.989804306084107,29.7652663,-8.849693,1.0
0.1339023992549468,-0.2994255315661062,1518.8375209380238,11.883499945302459,29.765168,-8.8497589,1.0
0.13423639035140175,-0.30089071579201804,1520.4121994481673,11.764305952261127,29.7650903,-8.849818,1.0
0.16534884460999313,-0.3025934858771204,52.68853311155003,3.444190637012079,23.6799257,-15.73103,1.0
0.08089779177000993,-0.23095415175091447,64.04838709677419,3.7136639963637768,23.5947159,-15.7258507,1.0
0.09103045573887196,-0.2717789430887068,1413.4102832161184,3.5143888646875165,33.1642134,-2.9917603,1.0
0.37283156871646084,-0.42082678031939164,900.5104097974568,16.368456608504665,33.9019977,-4.0288145,1.0
0.07881784969659962,-0.2453273859454391,969.5667755572639,3.5753761136089737,32.2179699,-1.3283537,1.0
0.09453128620680652,-0.2946908708290755,1135.2113984674327,2.4234876872039375,32.4579239,-1.4627593,1.0
0.06574497111479877,-0.23639194197181385,737.4650294695484,1.8934878893559108,30.0747,-5.3368593,1.0
0.16130556974267837,-0.2763012992514482,241.00009780907678,2.1855845204226574,30.4747845,-8.8702405,1.0
0.11455875737953938,-0.28929784741709563,1340.869633869535,15.16908142928826,29.5905687,-8.8280202,1.0
0.17792831615876434,-0.3078768794399821,212.03052298529673,1.3980190485588286,34.9308985,-2.2364285,1.0
0.08591167980140912,-0.21705647407811848,630.4027479203664,3.0122833850882302,34.5800027,-2.4920167,1.0
0.08571867966511218,-0.2168632778516627,630.3784465837928,3.021149930321502,34.5799816,-2.4920129,1.0
0.08631561555327608,-0.21706837136898144,630.4588631264021,2.9541961439500497,34.5800533,-2.4920588,1.0
0.08582920641035417,-0.21697008547194419,630.3914424514196,3.0149994465300205,34.5799932,-2.4920156,1.0
0.08615145757554736,-0.2174032441505027,630.4127548157845,3.0460623781981506,34.580069,-2.4919787,1.0
0.08608013542590728,-0.21705201339597804,630.425165934374,2.9852288486403284,34.5800189,-2.4920373,1.0
0.08616599302256481,-0.2170367795519456,630.4341404131998,2.9668751083195644,34.580022,-2.4920528,1.0
0.33035647832183024,-0.43901680025281065,1299.840475960143,4.418602022015958,31.5328512,-5.5347767,1.0
0.3640906106948737,-0.46153079824708415,1299.2224695180948,4.3060579658050635,31.532824,-5.5349259,1.0
0.35851914018534586,-0.45783414260559335,1299.335946573751,4.333410120209722,31.5328445,-5.5349328,1.0
0.05803788265971349,-0.1504730503142581,29.304361435726207,2.9489042851545273,23.2084567,-16.1099076,1.0
0.2341054993577098,-0.3391650251071801,479.96585093514454,3.2746576894612995,34.9027128,-3.6028441,1.0
0.02213158412315728,-0.11911215270600828,7.428405572755416,3.282650456437985,31.5153699,-9.7698685,1.0
0.12872943655377617,-0.31709914393422417,1909.6071498149229,7.682408100165705,30.961754,-6.0888344,1.0
0.24199675372034718,-0.33475004261540947,918.1888242830396,9.824754600202272,29.7495929,-9.0413951,1.0
0.12110424060887982,-0.24760626893026969,1419.976891969959,11.416300397647277,32.0058597,-5.1014543,1.0
0.1036516985168534,-0.3037155038074648,1754.2577716372243,8.36204450189853,29.6668476,-8.7948806,1.0
0.08221643695187333,-0.2578943282734658,504.1053721044849,2.166880677458886,29.72887,-5.988106,1.0
0.11676766362117887,-0.2613546831021298,1599.3224921630094,4.403919461116101,30.3207634,-7.8558407,1.0
0.16546104174642046,-0.3292805704603312,1843.7349220358933,9.109985818463626,30.2065988,-7.8483629,1.0
0.09220979831902532,-0.3467286596649366,947.7469832995461,3.832029110516046,31.7766043,-4.1470975,1.0
0.14210334354560764,-0.3345538837844416,2003.8497891950192,10.952237313788673,30.2503826,-7.8579466,1.0
0.1385880779126581,-0.2893374980842961,1543.1077345358294,5.858829066026913,30.3405672,-7.8687724,1.0
0.10011980378966952,-0.2798843042918294,1709.6611732391611,10.981507816319606,30.2467855,-7.8017827,1.0
0.06252741613664253,-0.12710385036559524,1887.7762009780429,7.523237221346614,32.3336043,-5.0103315,1.0
0.2191266636254966,-0.3537864519893335,727.6439349402314,2.8806218745208616,30.3522034,-5.8246803,1.0
0.3491155722585344,-0.4515707688721195,1299.591933455847,4.4051746669482545,31.5329155,-5.5350219,1.0
0.4088558893939105,-0.4743488163739563,1438.9497087378643,11.828657852454953,31.2598472,-6.1475872,1.0
0.15235340867488523,-0.29750706561602996,1506.7322618580945,11.226876190486447,30.2973341,-7.8917763,1.0
0.1186287931706562,-0.2803398449948816,1656.9065319733231,14.977769716722367,30.2717603,-7.8844564,1.0
0.3178109702193729,-0.44552603199525537,175.47970197726625,2.8611471933158903,32.7526108,-8.3107403,1.0
0.3393514651313434,-0.4883553078188756,177.57340588010695,2.1902899483703115,32.767547,-8.3060719,1.0
0.362422180501453,-0.4952959308860131,178.13820750214748,2.3089828967225774,32.7663314,-8.3077268,1.0
0.2696232922495097,-0.42345418905835736,176.9849207864096,2.5818447122027712,32.7638413,-8.3107818,1.0
0.3544078257542413,-0.48358098273092315,176.92237922474698,3.1977925052485277,32.7530594,-8.308333,1.0
0.20317691055606862,-0.44755004889765443,181.9802405498281,2.392618198297295,32.7556964,-8.2829271,1.0
0.2859395091417254,-0.4108335202701445,168.98567472065707,2.4961350701319773,32.7417291,-8.3263494,1.0
0.248387057746905,-0.4003363998181521,170.91209315643795,3.1574876364820095,32.7527655,-8.3237284,1.0
0.3028408763618178,-0.4576169320084129,177.08781977854144,3.0884855732596765,32.7542045,-8.3073555,1.0
0.0776727748050992,-0.22711975634402307,1979.0347365322343,10.83582034212557,30.1933514,-7.8618168,1.0
0.06678698056072517,-0.237510627865299,534.1449675004925,2.518322093838725,29.8682447,-5.8612021,1.0
0.06344527652933542,-0.22866918652771676,543.6140143686644,4.826847583987224,29.9041401,-5.7536001,1.0
0.11742368240619491,-0.32778752469972344,863.1193523366297,4.455688941006902,31.3981456,-3.8058691,1.0
0.10590984414946719,-0.2933436008419148,1150.4491110043248,2.4336195630617583,32.1324738,-3.6928324,1.0
0.07959714653988663,-0.26712525652683333,769.825315227934,3.528508367985984,31.2996946,-3.9712536,1.0
0.07349030742149919,-0.2522640760784383,770.287002909796,3.9269173020412858,31.299493,-3.9696953,1.0
0.1591481205646184,-0.3402016031042659,769.3793170353118,3.220444921339069,31.2966185,-3.9748471,1.0
0.5607982335937505,-0.5836969766454793,577.1456481391035,2.4125721376466482,30.6361717,-8.2737305,1.0
0.12630076076924046,-0.3075990022895747,1525.3604832424007,8.87836245654713,30.8618095,-6.1460486,1.0
0.24643487818332227,-0.3549068284196137,1773.7986043806936,25.864757910050216,31.4281463,-6.8514902,1.0
0.06574635631286639,-0.2454975427396,510.5249999999999,3.036157885659139,29.8489951,-6.0441638,1.0
0.07850166223906177,-0.2906506055097588,463.2106819077649,3.225676282841239,29.797942,-6.4008558,1.0
0.05377977689471381,-0.21147258618342757,466.43351404632807,2.384523809631803,29.7691178,-6.8994221,1.0
0.1346639596032655,-0.3285045739718024,684.3470790378007,2.0127838529721953,30.1269039,-5.2378607,1.0
0.08011868758272414,-0.25327742506678624,945.9897768603169,5.300139999759943,30.0230153,-6.2253218,1.0
0.28712604736056824,-0.4377166783816515,971.1267697466467,7.742756230520944,34.8655763,-2.1998073,1.0
0.10450623588884425,-0.2566667524155408,1780.1149391440913,10.377602969729578,30.1487134,-7.7572399,1.0
0.11216966949161561,-0.26869083670708616,1994.3526295133436,9.166089329586306,30.1987211,-7.7698517,1.0
0.10195873055130142,-0.2724835357977312,1676.9025348791508,4.514637679879659,30.0472792,-8.4470864,1.0
0.09686964024328265,-0.2717905448262842,1666.1147685958533,4.621422203383418,30.0496408,-8.4488701,1.0
0.09673348150809771,-0.2718749096123392,1663.6550707547167,6.916951075969441,30.0499545,-8.4503273,1.0
0.10011017987569483,-0.28376354229163947,1688.8867387033395,3.9574878128773006,30.0448179,-8.4470292,1.0
0.09236753296201027,-0.2703065830774152,1669.767243073296,7.008022513434376,30.0485272,-8.4488736,1.0
0.15617902248935725,-0.28669630847534455,2140.14449630494,8.127449180225861,31.124307,-7.9062116,1.0
0.103673211392427,-0.2776727649327894,1537.2105005387398,5.689977697621421,30.3680854,-7.8681736,1.0
0.21017905464251907,-0.3610602390228863,4.296256788207915,4.0803056635839665,31.3362059,-9.7942468,1.0
0.2392205011381377,-0.3684947965168244,33.583096725345435,5.829498700079716,33.5389204,-7.7531124,1.0
0.1073077719909182,-0.27596571895741623,1711.0118515640177,16.130268340484132,31.1719151,-5.4860177,1.0
0.11605659804227728,-0.3145462499113077,966.445786625435,3.5812988771945746,31.6221183,-4.0708555,1.0
0.09741230557136159,-0.28704746563968264,928.821231750943,2.9385170488641994,31.6091422,-4.0935831,1.0
0.09202166891741209,-0.2676602421681942,1898.5468719736589,13.475137515511603,31.4853772,-5.8968749,1.0
0.09937528372287548,-0.24175383428042038,411.5609054287359,2.04297340815953,32.3015015,-6.6982785,1.0
0.10341933565686788,-0.2861442189461561,1890.797388828899,15.52733515548604,30.1885673,-7.8601404,1.0
0.09557393728457386,-0.2526530357829115,1968.8089634206133,5.525058780298286,30.243812,-7.7596528,1.0
0.09078805847035834,-0.2353140727425488,1964.7351844583993,10.729680723633187,30.1920457,-7.8613558,1.0
0.1694776282331831,-0.378708803339711,303.06031273268786,3.823427448327958,34.9216597,-2.1621502,1.0
0.17738335568959956,-0.3173333635352238,991.7348828048057,30.25871707539824,29.8323919,-9.1964769,1.0
0.17967998480618053,-0.3185467220608045,987.8692269817823,30.160896614934938,29.8323769,-9.1965463,1.0
0.07585101933165425,-0.26799787349581605,91.71068186616,2.834871925216804,21.602035,-16.072838,1.0
0.06862201439271165,-0.2677308133953026,410.3882088943288,2.4212955123928053,26.0239254,-9.5189277,1.0
0.2389487130829764,-0.3427243412497207,148.10032573289902,14.693274675888977,34.9049032,-5.7646304,1.0
0.3075932121061064,-0.3920406132445624,169.22338049143704,15.574872041463871,34.8975731,-5.761605,1.0
0.0647470275851948,-0.2296708197771945,43.93642080047907,3.6502064616265826,28.4260881,-11.111836,1.0
0.30412680980181295,-0.4435707443897092,1999.7538149507432,7.029630732473801,31.6967197,-6.4029747,1.0
0.06723775388636913,-0.2705088564398424,451.2722188326216,3.551175086250308,26.3591755,-10.1457137,1.0
0.06785946466252699,-0.24579878208900507,431.0120309951059,2.6984780551425094,26.1008422,-9.8758127,1.0
0.067854537254989,-0.2457805894314212,430.763104221905,2.7611571621486366,26.1007714,-9.8758614,1.0
0.08917956744033241,-0.29708709687794155,445.7043301069791,2.71236210412109,26.1678102,-9.9029868,1.0
0.09740620581854956,-0.30750588947198043,445.3815977175462,1.8145252957704634,26.1678753,-9.9021563,1.0
0.13101411266441443,-0.32149176149626474,1896.1312585902217,7.443771772177902,30.1953451,-7.8548471,1.0
0.1226849101237305,-0.2739778757658679,1158.1881539980254,7.325808809774509,29.5830255,-9.1328474,1.0
0.08688815645419935,-0.275263613901432,1679.8839720921337,3.3409045111673863,32.639683,-3.6153014,1.0
0.06536710894752483,-0.1939670639520185,1168.8003073672076,1.2927365609566368,32.1967983,-3.6191149,1.0
0.07166470602569248,-0.23390056708115428,757.3047526673131,3.827303723590564,31.2842223,-4.3825277,1.0
0.3694417765754059,-0.43001841804530505,356.75558266091195,1.5609320500740795,34.2785406,-3.3622376,1.0
0.11456478687089706,-0.2814947299993706,1687.9312879827485,5.182430477930833,30.2767157,-7.8251349,1.0
0.1277066250541125,-0.3038438965272408,1955.2606896551729,13.661760244065716,29.7953769,-8.9614836,1.0
0.34157871322336847,-0.462888610725555,819.3852741319928,14.975450616094923,34.9233131,-4.8058124,1.0
0.3317927745728963,-0.4237700310800379,756.8650719491682,17.41568119520744,34.6026661,-4.8497673,1.0
0.0999441766948795,-0.27721761000660355,824.5038137691924,10.531233350471318,29.2358977,-9.0007312,1.0
0.19326729269192267,-0.3611607770918193,981.2021571343757,41.081678747765125,29.3401102,-9.0135866,1.0
0.060609560306904516,-0.19860400881715892,854.2410948267496,2.3106053161235236,31.2564293,-4.6656543,1.0
0.22208169707324588,-0.28890220245907455,1611.4266703889814,10.866947101504543,34.9523399,-3.9991774,1.0
0.42670887811620406,-0.4811547852562634,741.1128444652032,14.814702111295345,34.6259232,-4.8479444,1.0
0.07485953130317223,-0.27107293889449846,918.850346020761,1.897570232269581,32.1620085,-2.7198806,1.0
0.0776655663323582,-0.2471559832578439,691.7137575403776,1.9118896485489314,30.9763464,-4.0166994,1.0
0.16575302109453377,-0.28505754547931245,958.5354965585054,8.006902828797948,29.9621161,-9.1541131,1.0
0.18970651210024653,-0.35605453757773936,1596.0143045360437,5.189464949016715,33.9833133,-2.9104868,1.0
0.1343376834599494,-0.280910107362685,1614.9144201548868,5.43874616469702,30.2991465,-7.8492895,1.0
0.12280079563206749,-0.2821456650275081,783.660681174978,18.451905643834106,30.7653236,-8.3409432,1.0
0.0816143840413367,-0.21715417262056969,128.68452073208556,4.0354924084617325,24.4263231,-14.7588305,1.0
0.056895457166463916,-0.20046137483614113,198.8165437302424,3.687833436735745,21.8567591,-14.308984,1.0
0.151156960787515,-0.32516097856639814,845.96366136319,3.5994854097374764,30.1093837,-6.2537125,1.0
0.20681166538259138,-0.33212533840909264,879.9961895456764,15.359600427953675,30.6535679,-8.0286416,1.0
0.073024886865513,-0.23693948272876003,1061.5707215678508,10.531232648893882,29.3166666,-9.2140394,1.0
0.07176500999335773,-0.27446352421729403,588.5933536525417,8.378731501558377,30.0203229,-5.7302472,1.0
0.08842824892978834,-0.25867317978188764,1062.6707244655584,15.19828349857252,29.3147559,-9.2138934,1.0
0.08358507603704073,-0.2810263989402328,1085.8420479302831,18.77375687994579,29.3124115,-9.2164114,1.0
0.09051781733412195,-0.25510987828701387,1056.389290309809,14.616950528860995,29.3125696,-9.214049,1.0
0.07587582542219777,-0.24618011413246807,1059.6323238321456,7.861214643610742,29.315938,-9.2146914,1.0
0.09013510144844976,-0.3219870403203829,1283.5009403147583,5.3456017212337725,29.3360103,-9.2461886,1.0
0.08767867890239275,-0.28981921972823577,967.5823185823185,7.365413487779714,29.2920847,-9.2148718,1.0
0.09035057823808575,-0.2622024838734623,384.7510397523938,2.293858122938456,31.5602538,-8.8131408,1.0
0.0981088695814003,-0.2786431092767677,392.053313981616,2.6320076941351114,31.5604157,-8.8157732,1.0
0.09202537917344208,-0.31947615092553666,1202.3018143419408,2.6819315756033624,32.2319897,-1.9451106,1.0
0.1390020847760462,-0.4393917667541019,1154.1594354915605,4.1903328263682855,32.8096482,-1.6732819,1.0
0.14857998330581232,-0.4501205186913302,1152.9436915441881,4.2411791236374645,32.809241,-1.672951,1.0
0.18678780988054114,-0.3157274516565207,1347.7866771622553,21.054736082635742,29.918631,-9.0912697,1.0
0.23256256080293788,-0.36102153510168106,1110.0838912957854,2.359234362993243,29.8686136,-8.9488337,1.0
0.1351393066646966,-0.29176686388972206,1054.5948540326572,18.22232820079532,29.3111356,-9.214481,1.0
0.06878340909960842,-0.25916139247767583,676.7234996102884,3.5663814456647724,30.8766371,-4.4153807,1.0
0.09129804529916959,-0.27588281491910727,1089.9281188118812,20.628379340535187,29.3136905,-9.2156627,1.0
0.08682438327947645,-0.2974394706504745,1203.81941420938,16.76073492498131,29.335576,-9.2265374,1.0
0.08272739893215808,-0.306410840064127,1375.9373825304185,8.592983468165603,29.3529295,-9.2239549,1.0
0.08524547301824922,-0.30800743263871555,1329.1311020893156,9.341062920956883,29.345257,-9.2150514,1.0
0.08286368019312007,-0.30254797007213224,968.6565686565685,15.084859721979969,29.2820816,-9.2094024,1.0
0.09882640806785264,-0.2598675610470119,1058.330562153603,12.343089124613414,29.3146586,-9.2143787,1.0
0.1420664254683823,-0.24249988599340672,1815.5333073626796,24.815033911544152,30.9264609,-8.6721875,1.0
0.14126824875433935,-0.34520729687331786,834.2164179104476,3.2828200869807254,31.401719,-3.9368654,1.0
0.10541577850303771,-0.28536641538413793,1054.1269935611685,12.094550604293396,29.3114356,-9.2158321,1.0
0.19256444107143353,-0.3080663330441047,496.4315139031926,9.40697717155458,34.4288595,-4.5920318,1.0
0.08210425064870495,-0.25944814453475834,1066.356541546994,13.735414213070177,29.3120571,-9.2158456,1.0
0.2403014493365455,-0.3311297996445249,177.08091718779613,1.650336545412623,33.4224057,-7.525243,1.0
0.307424504429725,-0.3900261870204906,579.0352831940575,9.325082506420665,35.1044447,-5.3143811,1.0
0.38130637116037214,-0.44298078574356803,363.46001671774866,2.2694500575277607,35.1179461,-5.2885878,1.0
0.4975560229293454,-0.5248271145320946,133.06477695167285,11.399753472818315,35.0344176,-5.6117603,1.0
0.3894817645019107,-0.45859288256671993,79.69069961906531,3.5385530175888484,35.0657864,-5.6432057,1.0
0.08336565608793184,-0.22710446965384443,1144.6020916821424,2.171726872773668,30.5636675,-6.3648579,1.0
0.08513807344162308,-0.23280250527648508,1106.2552526140921,3.4062437611983185,30.5581544,-6.338249,1.0
0.09109185940017236,-0.26266313751272247,1129.5464854824518,3.5083781623553034,30.5317037,-6.3313732,1.0
0.09463397074313863,-0.2687646436933453,1144.3980838791667,3.8622184453988986,30.5301119,-6.3289712,1.0
0.08891915605770363,-0.2498652493613375,1010.0145621579356,1.5022748432375181,30.5541817,-6.2660882,1.0
0.08449708609644739,-0.24303716282523774,1010.0857533978681,1.6804965267361827,30.5544935,-6.2656885,1.0
0.0860529454323667,-0.25538829702411775,998.301095247408,3.3964192302066607,30.5392986,-6.2623653,1.0
0.08583306780468623,-0.25414910938574253,1001.4633955625055,4.03736636506044,30.540486,-6.2638941,1.0
0.08705927740187262,-0.25868487013990177,1017.6364969211218,4.048949919922845,30.5380638,-6.2671423,1.0
0.10048043877665516,-0.26782216943621057,1019.5337309346894,3.3035889672446617,30.5458996,-6.2767111,1.0
0.10585791969460683,-0.2617733447395276,1038.2503667481665,3.163318362824851,30.5447088,-6.286127,1.0
0.12750137072359133,-0.3187278076653061,1754.7533333333333,11.91344997226424,30.2622651,-7.8051277,1.0
0.0942542748121531,-0.2763595765569953,1719.2293137254899,8.175068406349485,30.2602163,-7.8035798,1.0
0.09567473897703704,-0.2425061348830308,497.78479058096883,1.7470164294659094,31.7860969,-7.8840209,1.0
0.13721941562420617,-0.2849472157898503,694.8239155251143,7.975499355449842,33.0903529,-6.4008834,1.0
0.06523015216109655,-0.23656708306681298,1092.641260856836,2.1031352057740365,30.7068637,-6.009581,1.0
0.09300184302965114,-0.25082023009461246,608.800530869052,1.833168995452229,29.9818578,-5.583878,1.0
0.0714726282582702,-0.269344166043712,591.5746922698177,3.739853333206026,29.8626888,-5.4776752,1.0
0.09629867139886486,-0.23292545780198193,365.1394472361808,1.8127865195965553,31.6419956,-8.2959809,1.0
0.09131978941651515,-0.30051608481681935,1011.9327656203585,8.83914456656602,29.3039209,-9.2032356,1.0
0.08944549292214984,-0.2940525983134982,944.0598197484398,6.325365373179579,29.2838248,-9.2047893,1.0
0.06040241312520306,-0.22486452533451848,908.1245170876672,3.9937157122131297,29.2679087,-9.2124632,1.0
0.08788147344663506,-0.314368083248459,1313.597266244057,9.426702805404927,29.3152436,-9.2353009,1.0
0.08757840806364675,-0.3106698565201162,1347.708877026493,5.32267892271127,29.431856,-9.2093092,1.0
0.08730729198711944,-0.3099754447267282,1347.2790030659678,5.752662902085391,29.4318475,-9.2091301,1.0
0.09717058696869926,-0.26722208423934724,1972.8911017364865,17.239393075010938,30.1846512,-7.8950436,1.0
0.18785530195302896,-0.29081851173109385,1464.9761231848747,18.148867441262315,30.8095759,-8.5183872,1.0
0.11967690198830036,-0.2407145927614423,2495.2068429237943,28.38810603312723,31.1180017,-7.8949919,1.0
0.3348879689749411,-0.4536046664828974,164.82848944835243,3.487061899714754,35.3850199,-5.9692146,1.0
0.3637240070767052,-0.4795050493531493,153.41072425991433,3.8891324069204876,34.9017889,-5.9661834,1.0
0.0706839609148835,-0.2593572611527182,741.5265225933199,2.2007663788402008,30.0812052,-5.6300923,1.0
0.08199492724862031,-0.2808990795865779,378.8465529282648,21.73472972247017,28.4837866,-10.2962918,1.0
0.22020470407354842,-0.37910758314498516,318.5565391205026,2.440437730688348,33.019923,-7.8369802,1.0
0.36406870669833047,-0.44697313542794537,152.1357944532047,16.627096152462617,35.1907148,-4.1303255,1.0
0.07582783129457953,-0.27463635694725685,631.4045294806717,4.529285836937004,30.7123514,-4.5741314,1.0
0.05626455231800226,-0.20981691836911787,832.4007720479067,12.674218431664528,29.3040451,-8.9140437,1.0
0.09542544783490124,-0.24070400119992028,1801.5914221218964,18.689364134228597,30.1519818,-7.7559129,1.0
0.1825135327940489,-0.37976237842485405,1426.6049804687498,6.307567210786817,30.6327045,-7.9872145,1.0
0.10972265766823029,-0.26843349902145935,748.2361043274398,2.5790031572047827,30.6160943,-8.1268477,1.0
0.13096030737265701,-0.2949041065096838,382.6617100371746,2.0360261466967904,30.5141167,-8.5652806,1.0
0.09544749735437928,-0.31743712996876666,419.91502413515667,4.155911369791507,27.6175035,-10.5221584,1.0
0.10700429372293394,-0.3388202448201146,421.68464479774605,3.3489170137588933,27.6165969,-10.522583,1.0
0.08555314477596344,-0.2377595291678001,97.73510204081632,6.9352821118065275,25.9537443,-13.9005737,1.0
0.08587464592195977,-0.2828675499322591,1096.6668301775726,4.233609141759518,30.1807295,-7.4305369,1.0
0.08935136155401212,-0.24662403395621893,150.66356192425798,3.9888397153403132,25.6625108,-13.3727991,1.0
0.11813183836450475,-0.24611670402507385,96.66598086616604,1.824374977470038,25.0211749,-14.4089458,1.0
0.0667445740780524,-0.23453832657435814,364.2724986904138,12.972932383226278,22.6135716,-14.4672199,1.0
0.12234300011781601,-0.3276542513686118,1664.6079874398977,4.034353159808886,30.1938245,-8.0139333,1.0
0.12633552587565774,-0.26010235291291117,19.625982388031442,1.441199394435888,33.4687118,-7.9571029,1.0
0.12296876169293795,-0.26767632007526443,150.63843743880946,1.4049215434067674,30.4294557,-9.1150922,1.0
0.2923100416622218,-0.3786157036996569,165.16082213130719,11.627430753602491,30.8931862,-9.7988687,1.0
-0.04039009848250013,0.11530573319861097,0.0,0.0,35.3207541806991,-6.984692096980293,0.0
0.0713449165093593,-0.26870426271243586,710.1956775700934,2.145458551489304,30.96201442826821,-3.9314969388187055,0.0
0.06987786894174249,-0.25114306208807885,358.0274274274274,2.360427382022011,28.11028742975386,-2.952702285792686,0.0
0.10433695508406425,-0.30175884426049954,718.9385512882837,4.25929900910659,31.11245077407612,-2.189330285898976,0.0
0.0731253417166152,-0.258198039851548,715.212115347397,5.692212291824006,31.53712154678065,-2.5063354583560544,0.0
0.3457561849415549,-0.44314369082333604,1184.7515288362026,20.172840794660704,34.02408129310386,-3.040902173750327,0.0
0.12966840103885782,-0.34847895389918915,281.96641221374045,8.254754605937991,32.81192788062843,-7.911602863097811,0.0
0.09929930891749565,-0.3992099236910437,456.9074588375324,8.00750157378958,29.11091956299498,-2.302887747112635,0.0
0.08959220369485643,-0.2920874308894372,1486.1379175620234,14.240644574986243,30.662760161487416,-7.0521176116796624,0.0
-0.027441293292292612,0.07083618185572264,,,34.12029822532763,-7.195756160314669,0.0
0.06107932195913526,-0.22822854146631624,294.1059034702833,5.854170294074204,28.54623176779647,-9.07172995077948,0.0
0.075603955750472,-0.26140448087621904,677.7905224546447,15.723042892498338,29.14236818539621,-7.087823122905265,0.0
0.06899171502795347,-0.24517400025196573,281.3332339791356,2.7303280296332892,28.972495041749657,-9.98523168928859,0.0
0.19090751691053492,-0.39827653286155873,625.2617380752357,2.776131048263048,34.69535950023632,-2.313689639933166,0.0
0.0983365736834052,-0.3143110854814318,735.6617836286251,4.113462919494156,29.299081517469222,-6.506900455181478,0.0
0.10489451830737694,-0.3338847934637328,573.0382860543543,1.5793144450114849,29.06502269926891,-5.4805276963230485,0.0
0.0853205860942259,-0.29908215412712025,545.3378364954804,1.824585718200389,28.969999522365303,-5.378617568293208,0.0
0.10852934712544417,-0.31278537652659916,698.1762036306236,6.3467362548419235,29.654074350158098,-2.427527024408348,0.0
-0.023892757253313465,0.10219900384226416,,,34.81895605535403,-7.38415821407804,0.0
0.06600572981091507,-0.22803482224269028,338.6546859903383,2.977442455358088,31.670903935833465,-8.401319868235898,0.0
0.08081259821917068,-0.2688542818148709,298.9556792209084,1.6332931037817064,28.91220250636016,-8.265161924441891,0.0
0.1072206865029313,-0.43716764750838943,511.0678100525426,9.475870648141395,29.15484991597773,-2.482274805473338,0.0
-0.02837843381937653,0.07224129668876458,0.0,0.0,32.39880615404034,-9.968012194045864,0.0
-0.03860841640133842,0.1108285060551339,0.0,0.0,33.9977548356528,-7.607772157370169,0.0
0.08156697559906692,-0.26964277254026864,672.161086484957,3.021602532136069,33.81661544841284,-3.4838097047921703,0.0
0.09115743450683933,-0.33463074139220816,1040.3583765112262,7.284728626492941,32.31388732954435,-2.121005529542984,0.0
0.280939115539701,-0.376924657687658,551.1564454401193,19.009831868891098,34.66455838364781,-4.5175756976278745,0.0
0.12782733064169996,-0.3112564281317899,789.8370085389885,7.934872637601426,34.22939512695386,-2.712858219111752,0.0
-0.20522222985294883,0.2975960365559393,706.146646312375,4.670380913219474,32.78822547031052,-6.260054016510384,0.0
0.10273670679797216,-0.3962497031871654,758.3934744610604,6.532379210747707,31.16492562673031,-4.01220117483822,0.0
0.19436042726269653,-0.340505211901083,440.19640831758045,6.584123079715619,33.60031271166878,-6.5360513520330805,0.0
-0.031069004041899367,0.10019006944441539,0.0,0.0,33.93388728054287,-7.606581853662292,0.0
-0.027998395834044544,0.09587519146536096,0.0,0.0,33.93528189493879,-7.400264912466387,0.0
0.07183563000417073,-0.24482634728065716,1150.612625963249,9.100276221613765,29.53083535930766,-8.801592268362041,0.0
0.25924649781736847,-0.4151739465994358,198.06750332762886,2.5182388569379763,33.09214458147192,-7.98860038604874,0.0
-0.02912991145555476,0.10761150730200604,,,33.001469903267974,-9.83072774764526,0.0
0.10874569358472314,-0.4391864191535916,1324.2143061789702,5.401717046041053,32.699798064816854,-1.9096705305814847,0.0
0.10823764484787574,-0.4232181663219843,741.5001957330202,3.1945890394890935,30.40984518005532,-4.90650463241233,0.0
0.12751862137447942,-0.29367102387472954,1676.69550669216,18.551454832859292,32.60048814726025,-4.067514922961067,0.0
0.08500033387625937,-0.2649335902556248,724.4420521772867,8.731286208703043,31.316183562789952,-2.84004814215315,0.0
-0.13248982456408806,0.35492012530447903,0.0,0.0,31.880141371859803,-9.623552572411027,0.0
0.09896964350157862,-0.3173577072826567,431.28607189346144,2.3112761404228572,28.08185497538535,-6.203713695307092,0.0
0.10419215698597556,-0.35089468620282077,1086.6031162295556,2.0961603495189345,31.490691095439864,-3.5883674258219846,0.0
0.08270959688426434,-0.2957744211503968,457.8986142956834,2.4951136674211667,28.54142856270513,-4.985393067433999,0.0
0.10270238170275306,-0.34306040216767775,441.7993251290194,1.7260103956899175,29.04472468558437,-3.376408594225889,0.0
-0.0459511261369116,0.04864556383170014,0.0,0.0,35.50955215224414,-1.373331481250572,0.0
-0.00296858144914808,0.07945289550284394,,,34.28902432445595,-8.867157292902405,0.0
0.1163731088034095,-0.34464780427645203,1178.506100489961,9.283268962014999,32.20977635650738,-2.211045580093834,0.0
0.25717732837629403,-0.3197601810500935,995.0693706293707,15.763518758242501,34.784664581684666,-4.098398740561029,0.0
0.48504293034009505,-0.5266131441088184,986.5079955373748,18.176187744241865,35.0003090476138,-4.80466514407142,0.0
-0.06248381660551586,0.15859274664308567,0.0,0.0,35.56028764542152,-2.3738940476459,0.0
0.08567158626872166,-0.3275324039761303,544.5833497343043,2.017923308841781,29.886712715494497,-4.628118483964958,0.0
0.12018627046870119,-0.2976382222715268,751.572335262274,10.671140130273395,34.699752343654694,-2.0688109220032533,0.0
0.062437529436798055,-0.21501240438669325,1360.5340456532304,2.30978919182041,31.175589226924263,-6.565054615956588,0.0
0.060344734059627154,-0.24296649561267128,502.3493402123227,2.1173411848512376,29.05954638810531,-9.65579936398346,0.0
0.18143494455638384,-0.3394005972412144,1092.1304432727984,30.125121154256274,30.69550603035113,-8.676514075268686,0.0
-0.016857380330278917,0.05161248913773561,,,34.536813578395645,-8.69443916553591,0.0
0.08742713060294646,-0.3098472879843718,983.4663898010427,2.3212340865640386,31.696449579756123,-3.886332088530092,0.0
0.08079246543793187,-0.27232064072268947,1507.4573536645357,15.998915932356615,29.938585063001312,-8.07627221582588,0.0
-0.04508052307644609,0.11514984865804036,,,34.244026630858755,-9.308631418929354,0.0
0.09287428580785946,-0.2955252978914688,966.6145288580391,2.077078137601435,33.11635345362467,-3.679466676275149,0.0
-0.011415620036327014,0.08648737777783581,0.0,0.0,35.520303629687234,-4.273021290136578,0.0
-0.04257276787801826,0.1371500894728811,,,35.44765000211088,-7.857334236453704,0.0
0.10740158273898007,-0.3381620193707465,585.1007843137255,1.6620264484151928,30.316426993676725,-2.5691140185118666,0.0
-0.054823004979650904,0.16461761951711096,0.0,0.0,35.45209795114314,-3.9836432616567303,0.0
0.2385576253841738,-0.3974574272711392,369.02171089255893,9.10374866770247,35.20775669102845,-1.246839763583834,0.0
0.4467854984976997,-0.5241257347781692,214.60420949583943,1.1146431615644738,30.39990030744037,-8.916365791136586,0.0
0.10071578077535587,-0.36876234859368506,1211.694115435232,1.607279478442926,34.06862625441957,-1.3298767888900276,0.0
0.11661495905697132,-0.29441608505192246,1656.4509710586444,2.813841852677657,33.028808025601386,-4.5073923378074126,0.0
0.11672865737446833,-0.2698049571147756,798.4663503437592,1.891110542841661,31.459859725203124,-4.278762787337069,0.0
0.3764668615354138,-0.5050513884771929,496.70575492135254,1.5160103955039357,33.90133916130866,-5.720130468951632,0.0
0.09542167838492813,-0.39494019497515725,413.99781138081966,10.858325549246484,28.786293792900437,-1.839117863729456,0.0
0.0707059872932353,-0.2938243501042059,476.63044764346296,2.742252388669206,29.66616198096017,-6.268595636664776,0.0
0.3585336031402333,-0.5038565881000431,595.7647966069017,1.3915141006581477,31.87418054465754,-7.3215093700099585,0.0
0.07453995740422625,-0.2659229511588897,424.00149566257846,2.595357950026784,28.563111345131706,-3.769854865272676,0.0
0.30661216820367465,-0.3894350963970589,524.8990893885895,20.402373927030798,35.044977332762414,-3.706028229145309,0.0
0.0890721456807602,-0.3981841916404527,421.44508156203665,7.383057133879215,29.4354549318199,-1.130502576477486,0.0
-0.04268432815933734,0.08236744005320301,0.0,0.0,35.10601246332063,-6.908753311483568,0.0
0.3662403349416582,-0.47182496352109216,153.08784869976358,1.5640684186989529,33.564437455938005,-7.403204653735228,0.0
0.2555401204388018,-0.4224152162740803,540.1688410627559,3.4334572674021646,32.971666467913174,-7.371881791886814,0.0
0.08760045428582236,-0.29787091371281005,538.5037758346582,1.9182360845133786,29.021729173262884,-5.23364421152293,0.0
-0.015532822475159146,0.18769019098937748,,,34.2137328840687,-8.71603325273837,0.0
0.09760303345916102,-0.37293051632094126,1107.9695248911603,2.5399104175406326,33.55273867835745,-1.3264246243428843,0.0
0.09824193661373581,-0.2443454206599648,635.3113872040695,10.618540339660234,30.4620851075144,-8.594450090394263,0.0
0.1064742856851081,-0.3487139936567088,510.47227138643063,1.0202479856873585,29.95172576427596,-2.535824916363961,0.0
-0.02939292392388238,0.0465824444142086,,,35.19991815106361,-8.832844680331714,0.0
0.13215667821550886,-0.2984916392711487,317.1945156086914,8.951027561695684,33.29774228685143,-7.123019093501682,0.0
0.11682613022093867,-0.31921436577183954,1124.0523707098102,1.7601987782571407,34.57132760175509,-1.2437453873101418,0.0
0.10433826437361318,-0.36044651106474096,1286.4093120885418,6.131114291631575,32.802072838668074,-1.47028693371065,0.0
0.07408895744812266,-0.27210270111874635,518.1698708468895,4.570936500753879,29.70998726240809,-5.890855873192913,0.0
0.20641263658683218,-0.291650192461749,1145.5928311397367,13.437551197103838,34.69172853197302,-3.875339241336016,0.0
0.10582261093329227,-0.3197951987424197,547.4324833812877,1.3734795494216312,29.073014098572024,-5.2305808507534,0.0
0.11655333661355922,-0.3116646172566225,430.6644263082094,1.6966282762304494,32.238073130296414,-7.419442117802234,0.0
0.3407707126600729,-0.40082428978270573,1291.5250767656091,20.263711312143954,34.93077606585786,-4.566941562242945,0.0
0.08828649042185603,-0.2807221075406573,1395.705538221528,29.510806630711024,30.843781943346023,-7.036277339041343,0.0
-0.008638543678359572,0.1097759579272331,,,34.26999772490804,-8.282894010744327,0.0
0.08624909908355662,-0.38494733547629745,524.757542997543,7.925441593514614,30.058993568719263,-1.5052060658701,0.0
0.1010737099686807,-0.30895280435339006,1590.8051834595215,8.248585945739304,31.23235398819702,-6.6796776827187445,0.0
-0.02284030747503822,0.06852573619755635,,,35.62764180642996,-8.917581196940832,0.0
-0.03126048261415226,0.16080371448768158,0.0,0.0,35.55568757996095,-3.478406534412212,0.0
0.12031812094666287,-0.23945262311693874,2780.9550626808104,18.659098400766155,31.873098665606125,-6.019753335860536,0.0
-0.04839559315636283,0.14717847031596762,0.0,0.0,35.36821839344334,-3.7371332095537575,0.0
0.19274157201121792,-0.44900716643778227,1079.2256380510437,6.030948250093326,31.584963852604275,-7.315933225661896,0.0
0.09219206352252705,-0.3111621770839781,1040.0602693285616,5.928681669649244,33.96599016515951,-2.185969689900242,0.0
-0.010542053186301217,0.08195506190640198,0.0,0.0,32.54471951849606,-9.82639114608644,0.0
0.05999539161312905,-0.2331162226810938,1389.4463452566094,1.4915095040948356,31.153128690101106,-6.664824780051923,0.0
-0.016075177164539774,0.11725890349732176,,,34.008552936317365,-9.96432580630732,0.0
0.1005702875376933,-0.3888770150076233,433.3143969648561,4.440784290808375,28.429684746168487,-4.286642625944609,0.0
0.08844335857408137,-0.2663399780315304,1421.9072635463199,5.100408131860936,31.20308561520832,-6.396175107928457,0.0
0.08676076382390129,-0.38222748153668035,468.773885663682,4.635758043366465,29.91758075132936,-1.8039643885763643,0.0
0.09216470468624952,-0.3170001903317738,438.2972377902321,2.321060961194714,28.12313674217317,-6.149218505125625,0.0
0.15662993479866685,-0.2960536804659076,2218.758590479898,33.43052711642775,30.993150602517435,-7.998834655628988,0.0
0.08409840276815503,-0.26313140714393324,997.8625637153106,4.795774588837857,33.73189563483438,-3.3615389888557434,0.0
0.08856633895716462,-0.30226110025570607,1302.5832065424117,3.1818105869994193,33.07516575362359,-2.5449426669461284,0.0
0.5211439108811899,-0.545943066236183,999.0885735485072,14.590640023180558,35.19912800747913,-5.246854880111508,0.0
0.1596315226950991,-0.3500068057929033,212.01350048216,5.787056753582526,31.830541768264894,-9.302235654125454,0.0
0.054978930439510035,-0.13243490261757818,2412.2166762839015,23.820623448179838,32.09321109018435,-5.612490468684027,0.0
0.09888266808284418,-0.2961338705725857,864.3801628853985,6.337589945567564,31.365185328138967,-2.835412852153164,0.0
0.05669018696313586,-0.17431841326399966,750.5991442186132,1.5654669758148914,31.064146888872514,-3.838083512232844,0.0
0.09789909831965851,-0.3065070011414947,956.2464098906324,1.442668500606412,33.092301698170715,-4.031806417131563,0.0
0.08605483174613303,-0.28953498677369083,662.988898800674,1.8104628104802942,29.131823810640935,-6.242279559581423,0.0
0.0696880008481701,-0.2270740060974099,404.4994379917573,2.1935236522123227,34.4125742129562,-3.398599535084456,0.0
0.3757092588375337,-0.4382878536102149,2164.3294415255887,30.61434859517565,30.99553560053754,-8.867674872911914,0.0
-0.035416146358330694,0.09176084280296962,,,33.48174326691247,-9.899623645207184,0.0
0.1432572845749444,-0.31342838906773324,723.9811541841616,13.09998699454937,30.709504882906,-8.579364848111071,0.0
0.11043629690402389,-0.3079207708140788,1667.633748055987,3.142124004140612,31.11673755685309,-7.241297655966949,0.0
0.09260853837933206,-0.3553717054198783,363.0399603371344,1.9593081956500464,29.16513066438671,-1.3707057110395304,0.0
0.08454880631677889,-0.34794133241603586,540.9158933859821,1.750162116812061,29.5668373614336,-2.8784245088596343,0.0
0.09486589794067585,-0.3022048972889308,609.7085367068431,2.177758041437038,28.661974738116136,-8.210163985163629,0.0
-0.026290331315441704,0.0756310109838397,,,35.5248077500458,-8.974813225600716,0.0
0.08047054436916688,-0.29890974920963415,474.94222440944856,4.547248633616551,29.890423813068608,-6.343797664506836,0.0
0.06805567753390812,-0.22210116186566453,716.7449278189623,2.0383699371963107,30.71816875045831,-5.110246340641714,0.0
0.11374495793022002,-0.3258491916676224,685.1277679796196,3.9458181049317766,30.365226331008984,-4.395367860162421,0.0
0.10715241643201764,-0.3130588543558191,913.9924469836351,2.3605405577064613,31.49525063108428,-4.050966113852734,0.0
0.11407729199474968,-0.3173145444703273,1672.8723259432124,6.232864046569997,31.063556923065505,-6.150641996655353,0.0
-0.03261668945427244,0.20513183177810138,0.0,0.0,33.62551400594566,-7.805592746115733,0.0
0.08806056494096993,-0.2587428351271373,831.2606667314606,1.8069926161924044,31.13185822145428,-3.6828374566580457,0.0
0.10326961599977684,-0.30837354045244036,1096.890931488676,15.105093031468993,33.4055653562561,-3.430501746331422,0.0
0.12702327243369702,-0.33684277836249726,548.679296086162,17.297390645328075,32.10563411520271,-7.011665686894622,0.0
0.07858143225215132,-0.27767484143704046,530.2987792872613,2.0626906531967917,29.864671069698677,-5.977627819485248,0.0
0.09438008896791801,-0.34146072280472717,1095.2758555492533,2.219492699523394,33.591652617839536,-1.7278358204910678,0.0
0.12063631678079814,-0.2591327639802178,2254.3243295953193,18.69960143997401,30.78158601403289,-7.709859103571471,0.0
0.0906892712230889,-0.3277943843533226,447.4717681275701,5.670225650509664,28.02109627690102,-9.381997465833186,0.0
-0.21797596367549382,0.39695542877871876,0.0,0.0,30.972279354736852,-9.826167597830338,0.0
-0.04063240862141889,0.07092194204495161,0.0,0.0,34.82621376662551,-6.490978403498385,0.0
0.09142760267590805,-0.29518017099216176,288.14887865438527,3.539005147477176,28.131013345006743,-1.505786548051427,0.0
0.09179517956300047,-0.32176545286075553,689.5495574360473,4.424493928112249,31.01354791301244,-2.1299913595358038,0.0
0.08050608010751649,-0.27699265804562956,465.02890971879606,8.648673006563316,29.631471336321347,-2.027907146645588,0.0
-0.04546675225243049,0.14711282435009324,,,34.781906488944415,-8.144322838481402,0.0
0.08912655060849695,-0.33407617921986477,449.1031163159983,4.326315323477895,29.015001686065933,-2.247552543460519,0.0
0.0806941426665002,-0.29270569299311194,288.50099820323425,6.519183897764695,28.491125644539423,-1.8680740985914144,0.0
0.08336140054487326,-0.28563545449714794,575.3991488519398,2.1022778972257288,29.32179918636885,-5.307331276474395,0.0
0.10216599519483167,-0.3255071802913537,500.5064999503821,4.255357534092571,29.03131440515661,-4.384036106969607,0.0
-0.06011402399788195,0.1883875954494655,0.0,0.0,35.863624351863784,-2.65967971037211,0.0
0.08918567972215374,-0.34953503064534147,998.5617598921731,2.927384400110657,31.96889377447469,-2.1864858921195456,0.0
0.0457861746260275,-0.1973150256614506,426.4703678138251,2.5549599099876157,29.69262866088464,-6.888714521802124,0.0
-0.024374916411217327,0.1446881845425999,0.0,0.0,34.21849402334141,-6.836634466746646,0.0
0.0998490554380176,-0.4300987179965776,499.58671696614704,12.761683632590795,28.96015308017663,-3.150280907892295,0.0
0.34058722122339447,-0.4513735435295925,776.2080574995273,19.3173413391085,33.5705368239269,-5.948481547800861,0.0
0.15561696152173923,-0.35273667595096486,577.4001327769348,8.376070166416525,33.37615633988677,-6.751458428155975,0.0
0.0893154571247962,-0.36580122182805974,403.8373975614631,7.7499276743797205,28.29429921487347,-3.115553032855508,0.0
0.24270312150655834,-0.44816733483475446,376.93495246163997,2.3263608648493546,34.007514895767734,-5.231194790969523,0.0
0.1150277666378267,-0.3647356145570343,1863.0212291585879,2.9483096771990893,31.333187181464115,-6.446869211358388,0.0
0.1471589789668493,-0.3851571316777865,203.42009176065756,2.766286184727446,32.69517498859024,-8.221551807044602,0.0
0.17014300947722968,-0.32375656903458944,848.8515074393108,23.763043235583268,30.413572581929667,-8.481503681137003,0.0
0.10350828543702169,-0.3200796479498827,1091.9875542691755,14.251288026985856,31.816854530516395,-3.6574271974479338,0.0
0.1411314155755168,-0.2683810117870601,392.1340825421429,3.787632510570026,31.386244466554466,-9.418612073013572,0.0
0.10790553455046245,-0.1687287332519171,2731.5378000378005,27.422258379607776,33.657873716360015,-4.101974114381961,0.0
0.07568900243940423,-0.2542999691603422,785.9261020307084,9.489559429380579,29.253462989108968,-8.73642403931976,0.0
0.09277842670524049,-0.2894503718543849,1323.2184898638727,16.980349150816647,30.40766997108833,-6.626765609349003,0.0
0.09269343439484796,-0.2757009496842331,467.6851958525346,4.424842254958255,32.26373426739844,-7.67958075610701,0.0
-0.035343712968005724,0.07041605765337589,,,34.98251181853999,-9.046677455949844,0.0
0.07394959298799755,-0.2633573889803032,781.1061102544331,1.5353467149937159,31.906388602255504,-2.892503149271974,0.0
0.2881543611358147,-0.38658841737356797,888.8702874206796,11.25881314970563,34.70892540060404,-2.613931688827133,0.0
0.07877036188111679,-0.2528876092310255,816.3812506021768,1.8126642965652504,31.917585186149083,-3.127001829870136,0.0
-0.04381072296544647,0.17747981221985829,0.0,0.0,35.92828938168191,-2.33853785178106,0.0
-0.031309120082352586,0.12461180186417271,,,34.76403802269973,-7.971206019741135,0.0
-0.03685677437310042,0.1285801174704996,0.0,0.0,35.48353095481151,-3.6799694149479034,0.0
0.07164531724695643,-0.2243092608654761,1544.4520534861506,3.723521902624948,32.73440478856973,-5.059575552668415,0.0
-0.042200780222291366,0.1882477245050464,,,35.772794401024484,-8.214228927494121,0.0
-0.024628100545272084,0.06301968686458788,0.0,0.0,32.43469006147269,-9.769117137523168,0.0
0.08307680144173077,-0.32099079018946786,1093.2760185272707,3.379866929811897,33.64565148006032,-2.263654999609945,0.0
0.04795539721912029,-0.20957148625572564,570.4263450466547,10.767291022596648,29.055955520239163,-8.949605351994373,0.0
0.09945708532396398,-0.34068043945661214,692.821126349577,2.8880945444396944,31.04366355995937,-3.012588502414524,0.0
0.06695718401928719,-0.2341991549917777,457.2417593328037,3.090402384176909,28.979927691047045,-7.645241254691295,0.0
0.0660609558317418,-0.20717937824553384,522.0763510163608,1.4617658283048482,29.150424166546067,-7.143010001353147,0.0
0.06256137358705977,-0.22792946147300508,680.4688812896923,2.177702522675464,30.61777150781128,-4.986407686203222,0.0
0.13068361320590358,-0.2883455155242704,404.332291157792,2.070515828343444,30.614692320824403,-8.757384019053875,0.0
0.08095373954990194,-0.2875852187954067,442.1677341873499,1.8636273346799679,28.12967145823772,-5.139716870133965,0.0
0.06555767685970822,-0.2753644801016904,293.15336571825134,1.5389178268321697,29.120099476540727,-1.144834825948383,0.0
0.2233532867765183,-0.38025041902803747,1921.0547477310424,5.1919610816071025,30.745043601480383,-7.786839627060104,0.0
0.4091726555103027,-0.498598644266168,677.1567164179105,17.39215207341305,33.72225264692313,-5.634722364350864,0.0
-0.00837678575086528,0.15349626976974343,0.0,0.0,33.80680021869731,-8.626232807994837,0.0
0.08467690415421716,-0.27895697626174043,1126.0876738609118,3.5975405056011622,32.33010231775135,-2.86896824683474,0.0
-0.029923742676111833,0.10708579960805602,,,34.312308858585894,-9.036213900918824,0.0
0.19405831401381843,-0.305662938581484,302.7218468468467,10.572440248419035,34.254758542758786,-4.871228288424263,0.0
0.10047943544836761,-0.3891428302477685,429.313886113886,3.843618535495293,28.36286017053181,-4.259299086836432,0.0
0.09143543881001216,-0.37166322281936015,720.4677419354838,4.834906817080596,31.14980907996861,-1.43411151603412,0.0
-0.03099056218815204,0.13123897114195637,0.0,0.0,35.279377037648885,-3.4605017608240374,0.0
0.1590859676554413,-0.3303689090294754,153.96671262556626,21.55188388908238,29.810602403622465,-9.35930856125611,0.0
-0.027352728859566744,0.17640226448917462,,,35.00675016837799,-7.699496896514144,0.0
0.08598974240085396,-0.30695885699136244,357.15124288709205,3.5549657558914385,28.44387538855744,-2.627945259654888,0.0
0.10800725289114636,-0.3731139163334725,968.0363901018923,1.2904265272721798,31.240482158414217,-3.4479163713160306,0.0
0.08778258012858067,-0.29138500760398894,645.7989381575068,7.945446007711887,30.03509370064948,-3.8779118120167535,0.0
0.24800761469667446,-0.4140948284358174,624.5033651149747,1.514666000465125,34.575029859145246,-2.4689414157908,0.0
-0.0728161469221199,0.23505104250064746,,,35.93641721247775,-7.3608889623127265,0.0
0.11250651764528424,-0.3113666579310488,1061.0314999024772,10.326724754102933,30.778067450667542,-5.817479597644727,0.0
-0.032243871525511836,0.19533782413955794,,,35.56148466629511,-7.525578471660544,0.0
0.09185804923147506,-0.30536353273797245,1090.6074950690336,3.92261728123453,34.21549752452175,-1.6222912307440058,0.0
0.07694731444669668,-0.2967458120966814,847.0701940716422,1.6983829187969335,31.73556374470055,-2.070698468861498,0.0
0.1942224152910123,-0.3056712749359364,237.44077160782842,16.839846951381713,34.42313150372267,-5.333955223056794,0.0
0.10297391925257299,-0.3466567072084952,701.9095261358083,2.521734461766785,30.551822995879277,-3.228612071158909,0.0
0.07410491272589745,-0.2571532534611247,1028.8125774178177,1.9885839663272014,32.902661365625235,-4.003145726564142,0.0
0.1057217876067363,-0.34077068139392286,547.2925379050638,1.0883887908347882,29.156633493958186,-5.032655747724114,0.0
0.09028230372024462,-0.3601195861275343,701.4618150019434,1.7871888162697793,31.144143012016976,-1.619234331905174,0.0
0.19131439949447923,-0.35935208988308637,646.9730322088812,1.7509406657213864,32.93594845758657,-7.368460763616419,0.0
0.09970895213114613,-0.3839638781461783,1108.9521060104119,1.701580219462168,33.52504931736121,-1.1638237218636611,0.0
0.06809614652049159,-0.2312180886059772,778.844629720451,1.3235897232002343,30.21858245895109,-6.733557174856954,0.0
0.11461203361737607,-0.3013635736384026,1609.609541984733,3.6065971181249803,32.821012363906235,-3.3113951349407538,0.0
0.43558420726838315,-0.4914403576694596,1626.6892901030344,3.683783477584788,33.60970830076218,-4.976482199363165,0.0
0.10420116435645217,-0.31354227930083384,506.39017312118483,1.5658313026540835,28.178275488183147,-8.423230074768568,0.0
0.07534711926300415,-0.2890026745814967,499.9968476012216,3.5910246888988357,29.790120535977064,-6.034615669795597,0.0
-0.032996016045076966,0.11981109729426323,0.0,0.0,35.94761724076378,-6.960463853835529,0.0
0.34399099297080327,-0.4536126458784547,24.36503808285342,4.404963821270411,35.06088922489132,-5.940822877155594,0.0
0.07394329160230183,-0.24925827616631857,1129.1636625119847,2.4291061505082148,32.36722750793201,-3.3187884969804395,0.0
0.22685892916762723,-0.40083626041448656,1178.9936275887922,1.5566010738162803,34.373008483124764,-1.73737353099329,0.0
-0.029676166033943234,0.07559980888458014,,,35.85040314737304,-9.361228776593585,0.0
-0.022325758360856134,0.08769576052272096,,,35.26155262628273,-9.262478816665189,0.0
0.1007451851207341,-0.22127918339166416,444.936440677966,2.762257980560949,31.98102408258817,-8.421408026373259,0.0
0.13863489823267602,-0.3107353395164626,1493.1971565765937,7.366398585217564,33.95458604748042,-2.814692567185848,0.0
0.5011139182005874,-0.5326190301764288,788.162269880433,21.09675547509833,33.33806984100924,-6.224090499871026,0.0
-0.000255548890327037,0.03339603177750347,,,35.124827436155684,-8.562574718125221,0.0
-0.029842702917210605,0.05685833169573944,0.0,0.0,32.707972398796414,-9.643351005844394,0.0
0.08183283261468083,-0.2770905115699269,1118.5384766972118,2.091709072149399,29.75775876805334,-8.371723787731307,0.0
0.3846508310615198,-0.4737414592874646,1053.4052833813644,37.967272616708364,32.18472382635727,-6.484091388257081,0.0
0.15626346290238355,-0.34766795193442884,1319.972216972217,3.1810407780943057,33.684134457396695,-4.770885937715748,0.0
0.08528532287807887,-0.2783885764289518,1465.1729673252282,3.5112737029972045,33.19534247405797,-3.176576813718384,0.0
0.09555177674769293,-0.3691273615328833,1252.2943582913135,2.3809087331935683,33.05726065387624,-1.2970645259580138,0.0
0.10952468270094132,-0.3226546746870602,529.7682624640695,2.2740414710788017,29.150231773149635,-4.070283023123915,0.0
0.09547904497161697,-0.30774131045192854,422.8149212325375,1.3982308289925636,29.166484290475356,-3.083127182412165,0.0
0.1756908890641379,-0.4036022768606035,571.4104506986813,13.049625927246224,29.94963216229592,-9.263693570887206,0.0
0.1380610435837269,-0.39112581514986144,550.8138471587197,1.35888174581811,34.69703749520893,-1.8123243123293271,0.0
0.17658023089424266,-0.3643125478814768,1240.780137826867,8.6509668761561,33.74612033297465,-5.05663314736177,0.0
0.0963616597040207,-0.3173617857314463,490.1573457832522,2.2408289144772744,28.95166923204228,-4.470979666769472,0.0
0.44453732352820474,-0.4806686493205285,223.1390165216541,1.8011031531547692,30.50966487447271,-8.976604225143515,0.0
0.4942328620264721,-0.5433137678342547,719.3690398432395,7.890491481583233,34.72556741146986,-5.319650094754826,0.0
0.09644233657084951,-0.29918209604166257,696.5832341269839,2.000664280103665,29.114200523072707,-6.595880783490048,0.0
0.09049089599458382,-0.3218853185708132,1407.3320643380607,2.5762847668360664,33.03097772115257,-1.9771161625349676,0.0
-0.0021335507515059574,0.055911010003586066,0.0,0.0,35.92386672377175,-1.4230793856083714,0.0
0.10591250527634187,-0.32330353291247854,488.18167266906767,2.705644977956164,28.17851758009204,-7.867661773235511,0.0
0.24447520436330186,-0.37253577315778497,559.1589798710181,17.651241694018196,30.589997368912705,-9.594850114993813,0.0
0.05514070489788307,-0.18314431883061746,1012.2265274253369,8.904508693723644,30.71219294338273,-6.4158589995733095,0.0
0.34352610575782083,-0.4683912592173344,208.89989562577085,1.9288513948848718,33.31737999217113,-7.576392143911746,0.0
-0.02285322383996448,0.06470741158491597,,,34.9267196851845,-8.877760476819825,0.0
0.32046828864713817,-0.45496319153852677,445.11365780041507,2.7642583233133076,33.81092778517393,-6.1157948315151405,0.0
0.09916675088166908,-0.3416176453901973,1282.4395305164321,1.984931076502456,34.15901120832662,-1.2629289358402094,0.0
0.09576496090003637,-0.3674199850621714,695.8881566194997,11.782804563504817,31.42723682464876,-1.7740595345743468,0.0
0.1027763062808973,-0.2898325968617537,631.5945440956649,2.126356367729073,34.655445183628125,-2.2031551537288747,0.0
0.07792626381578394,-0.3095028408339646,493.0950832594345,4.96971466755301,29.774153586870785,-6.1730243641887625,0.0
0.3191072088093184,-0.48160704760818235,113.88143322475568,1.7850909742299381,34.92444559659967,-2.370891345102476,0.0
0.08782703749758769,-0.305457115524983,639.9906624729703,1.9991597876388714,30.021440378878644,-3.707931681749656,0.0
0.09351085218503499,-0.3345530418288329,557.8458528951485,2.005942969520743,30.531048090295087,-2.4359436216925605,0.0
-0.041145398403550026,0.138858331124205,,,35.0018423288791,-9.939215220565949,0.0
0.08143233419312192,-0.3103102362856378,477.99264047737455,4.484447774425899,28.770443939166057,-2.1602054191324536,0.0
0.10022308465082035,-0.33841265259053316,648.2606031128403,3.6165774160371,31.06004665632893,-2.2839958497791883,0.0
0.2243526260895098,-0.3740248344396346,609.4220600777031,6.4252521338310205,33.39899696782312,-6.6129714484889,0.0
0.06979246705174419,-0.23744224345877576,1359.663599769983,2.064625174777889,32.44969814364903,-3.6922442604456496,0.0
0.0921769649702091,-0.3439760507595029,354.3379902205368,3.4272889785239506,28.50717710709146,-8.43564544040143,0.0
0.07106828416662286,-0.20186369612570043,1396.5430624332453,10.594518905533324,31.172234564865107,-6.648759532685011,0.0
0.1806000944170518,-0.29866351081236725,2078.0381413359146,43.83673393024464,31.555281277302623,-6.166798375310478,0.0
0.17883982349270564,-0.3898838516794132,719.5723966784386,1.655263379897463,32.770542754640644,-7.006583286728864,0.0
0.1198683331792003,-0.30935801219350273,1493.6943493150675,10.355758292286046,33.109320094066625,-2.798690550910389,0.0
0.10954547167818678,-0.35559288488297014,456.1596521043687,1.6678699581896106,28.28498026710688,-6.698827168050667,0.0
0.13044099493275504,-0.27425524194920287,1431.5665223381222,23.438960891572485,29.937304321069195,-9.0610368955636,0.0
0.18690204911548133,-0.3556776281126212,820.3892203854057,18.45485598651745,30.47027921744656,-8.52156249465286,0.0
0.06746337127443586,-0.1784318630209972,1751.2606485034535,10.399481634883063,32.28690298692419,-4.878915378805589,0.0
0.38347370119938307,-0.47747708837237296,789.8481709593129,24.639341278363965,34.762603330176454,-4.712339412757554,0.0
-0.06888395795228858,0.3258305429047892,0.0,0.0,32.02846131397534,-9.475163296140972,0.0
0.23732122513290382,-0.3606464053683387,701.3302935309204,17.075644454185458,33.17400831539531,-6.32086939596392,0.0
0.37048483649098624,-0.46842438696841476,1452.0706965268546,8.64030901553614,33.28676071222257,-5.347458675700141,0.0
0.09139585928720768,-0.3190128369070212,802.465580408793,4.223431360304949,31.83283583985213,-1.4940455330530895,0.0
0.16471890580749546,-0.3815396184481316,1497.5136230790993,5.146754087186439,33.8581901302076,-3.046556192224875,0.0
0.08854916509358679,-0.2719091998172674,763.6309200310557,18.43216353795941,31.229534114194863,-1.992965256553964,0.0
0.43175285750506653,-0.5194068373742815,403.760504591411,18.843483956890623,35.23376241485972,-5.312774308145998,0.0
0.09773130064310083,-0.3383162738815959,374.8488476504041,1.7582826870270127,28.47939178281923,-2.900748600395607,0.0
0.29376547977711037,-0.42944674577403885,1875.9692774511664,2.5191223077093117,33.366835440227966,-5.217888305131228,0.0
0.13129209843026202,-0.27671541371669506,2715.604297138451,11.77311182423558,31.91416341102993,-5.726264383712481,0.0
0.09080663306017753,-0.40944586901631935,539.9266236985624,14.756064645098649,29.18029219863162,-2.8104886121474197,0.0
0.08330765732314922,-0.38096791702271615,579.842425431711,7.70203200586733,30.154873103415447,-1.7854608833442,0.0
-0.0029711318556195185,0.04551150903462128,0.0,0.0,32.658769011839304,-9.79903954611794,0.0
0.08008748616834568,-0.3585281187259857,627.0264213719543,7.385257436403476,30.48599426284033,-2.005901519806881,0.0
0.08738943664740566,-0.28141921931855746,666.8107812965353,13.680103354328693,29.03162681291768,-3.70299511226803,0.0
0.0961289123394686,-0.32543762079073574,1185.7562228368236,9.221652676516584,29.560819259848515,-8.61939292887931,0.0
0.06582200286900208,-0.21141376188462532,450.95049014753937,1.8224506433889032,29.285103892083868,-7.339444301588568,0.0
0.276676709453404,-0.3825384432035452,387.1073625349487,13.160306216343052,34.81714098428653,-4.905965750211191,0.0
0.0862896339275031,-0.2995860490087131,554.4789052465173,2.3865726358887476,29.516668679653296,-4.047343596633954,0.0
0.11568515895418686,-0.27948343810436915,1114.5690977954744,17.331183025833933,31.196746185666058,-9.029985607185736,0.0
0.07607630537712667,-0.3283567392599251,1429.167914438503,8.878263083301706,31.0687977471768,-6.325636673677424,0.0
-0.04848243159621752,0.12557101869928522,,,34.711968323447024,-7.103026589620686,0.0
-0.08452556545657489,0.323543628892034,0.0,0.0,33.04324590015632,-8.856314714252107,0.0
0.165173896544463,-0.36523831481068114,512.7658550396377,8.010939048861232,33.78152130343621,-5.806743659305217,0.0
0.1179583727752927,-0.3203164520222225,825.0039096862479,2.8562029035430365,30.55328872520653,-4.45872920615126,0.0
0.10022463932981167,-0.3290049396689973,975.3916265640037,2.872858856777598,32.0011504987174,-2.2451164475387486,0.0
0.09994507482155676,-0.3732480471713889,1045.0155866238424,2.520456344646518,33.65138168000835,-1.7816736717202293,0.0
0.09639069988167413,-0.3039461311046279,1333.142155473694,4.14258876701286,33.68660131902764,-2.932453709810414,0.0
-0.011338267427675809,0.09294968984984707,,,34.27889569183563,-7.427293444533603,0.0
-0.0177348703819513,0.09646277715065368,,,34.97296506853032,-9.36641810543644,0.0
0.08817530445785542,-0.2942775476786707,576.6367141162517,1.6734953851049819,29.43462243411348,-4.682031673064544,0.0
0.09027534546557128,-0.31520047775873156,468.66448347722513,7.390207887937992,29.079162076061916,-1.4725821882746892,0.0
0.3545937386825659,-0.44388185655679013,563.2334113242864,18.40484670696155,34.49260379758806,-4.35309184390077,0.0
0.08602297640643977,-0.31925900514060196,790.6484088717453,3.107729563345377,31.86358450091557,-3.059893919861853,0.0
0.08831848159259785,-0.3253678771724592,1088.6887986399702,1.8447004052495322,33.68674057375011,-1.280348092966431,0.0
0.07383730041747581,-0.2508817466009744,285.47620943659166,1.4306800415642627,28.76641674681213,-8.688946036980587,0.0
0.18731353732287254,-0.2714488871650429,468.0958724202624,13.989553265992068,34.23451581895177,-4.439818657908093,0.0
0.10133531650415717,-0.2922954345095834,1181.6499708794408,16.777293970055073,31.24761960466161,-5.076403676233783,0.0
0.06690520499559247,-0.21647209464067454,199.71752776436503,2.35344829724161,31.71379706464826,-8.879834051199781,0.0
0.08483069940732182,-0.25386196019399326,710.7094083414162,5.406533688936966,31.35127494806729,-2.773569249516391,0.0
0.09711350490785914,-0.33277937588235146,376.21674140508225,2.3551649217526354,28.592466949047623,-2.8598967663413672,0.0
0.253784577906264,-0.49836951083322817,186.69933269780734,1.843207456755342,32.878860991629494,-8.08110553020438,0.0
0.10099934594801956,-0.3983400890424632,1131.8441730568968,1.6381976086598853,33.46834514481083,-1.7938282628464377,0.0
0.07007362058864317,-0.24820993299648034,1543.6034021406726,3.060909025803984,32.67816007348958,-4.90705400967464,0.0
0.09617890692968172,-0.35352783304885055,626.0417644757433,2.578938586809359,30.547371201135373,-1.7752373445744445,0.0
0.1333777310292891,-0.2758567378913638,2873.5179137450773,28.036829702793003,32.17398097448564,-5.77069270595576,0.0
0.08958324754251144,-0.2929945215414397,998.7670876313506,12.843657737916915,31.91267962171026,-2.0513239662442078,0.0
-0.04566853155032664,0.14736065267322088,,,35.771025522350946,-9.923608432247768,0.0
0.08401051257929103,-0.32884474449831136,717.4879222309504,2.9180450534033944,30.150453746368864,-5.097240135297097,0.0
-0.15925415245772168,0.4024564933925886,0.0,0.0,31.90662241435796,-9.516282494499436,0.0
-0.027584855241674894,0.11462464813134836,,,33.206347607826935,-9.82180966947604,0.0
-0.03073818420468618,0.08605122860819388,0.0,0.0,35.62044100781372,-6.162249772280392,0.0
0.08823620389606916,-0.2975713404631266,1135.575114947922,2.8183953814005624,34.247891572285,-1.4783486002577444,0.0
0.07327258264712487,-0.20559942866252381,1703.7921256825368,14.497084531923361,32.43975622465687,-4.458696717392377,0.0
0.2857240211161356,-0.36076822421306537,10.683266373913856,1.215608726257945,34.65029093490094,-6.122449691424512,0.0
0.09402003753043298,-0.28240817664179246,930.0320216049383,2.619928184005627,31.830828326165083,-1.9059465080362048,0.0
0.07630384462758175,-0.28530015528440344,765.6768400392542,2.138713245300168,30.144168774392597,-6.67139056685341,0.0
0.09467502410184928,-0.3925965789969673,826.5565309666217,2.053280741807724,31.799116196527,-1.009657239953091,0.0
0.0867163119849553,-0.28148336688423164,453.06597325408603,9.911283574934156,29.207565939900253,-1.1445644194786109,0.0
0.09591142838269079,-0.342750700637469,634.2843366452366,3.033852409049593,30.91603090562046,-2.069674314649257,0.0
-0.003550891474020316,0.12254432271431545,0.0,0.0,35.56326062044623,-4.170104641192978,0.0
-0.027517176551406806,0.13740395086709192,,,34.236926110980875,-8.09742712684887,0.0
0.1450002158877355,-0.37474743374711905,936.6718569780853,3.7003577882305825,32.14283618974626,-6.335933267198373,0.0
0.08741164653484172,-0.30886397804109844,439.55630067060343,3.572570647799375,28.17824099886188,-5.204414921240288,0.0
0.1935578624511255,-0.3425616218145097,1637.0034984871404,15.345013151866764,33.60180213708044,-4.636085540114436,0.0
0.14234828034491184,-0.3185541344000594,979.7165614375912,8.24171569502545,31.195587503440574,-8.693546476583203,0.0
0.08035015717945457,-0.31282100926909295,415.14891499104135,4.571772943823891,28.77797207190661,-2.3559076653213538,0.0
0.2073182389557068,-0.4432938533432426,452.87616273607046,8.416226324837513,34.09186787340915,-4.436711013114468,0.0
0.07111235441488462,-0.25386273032037654,719.5069744597246,2.4008111802424743,30.066513943599507,-7.287477094428497,0.0
0.08044617424880518,-0.23816340266611893,1636.03787004998,14.91822547886922,32.168683913238375,-4.26953757815378,0.0
0.12762726359844337,-0.29032721098489545,365.5906696043682,2.3861440003392165,32.505788940190044,-7.294025719439864,0.0
0.4482860918407502,-0.48522492378157495,168.41968094973103,30.70238405414346,35.22488495506224,-4.037830807284952,0.0
0.0720816386661147,-0.26700981883392033,487.88733511851626,2.6600658103336134,29.13973146004442,-8.671787033761706,0.0
0.07015954260575222,-0.26401369861589896,744.6240521096637,2.2452234119443175,31.085982619912784,-4.648484215011772,0.0
0.28482303138253107,-0.40450272886467736,271.1557453127901,9.544714839257727,35.168680586543445,-1.5648687786274174,0.0
0.3531578597554501,-0.43260865105731705,1155.458562505826,4.962580963184374,34.801873832820625,-1.365082535422269,0.0
0.05667975363974681,-0.20172889423913337,1213.9074198180947,8.393019073275825,32.50425685780337,-3.134550802457204,0.0
-0.11908383292369379,0.40108096952792416,0.0,0.0,30.807355483274065,-9.84937766882156,0.0
0.11443185187537129,-0.34189848206924534,519.6831456194557,2.188297033223969,28.56167587413508,-7.304398365962766,0.0
0.4674959237620729,-0.5218531102453694,1074.3556653000373,10.547393126283607,34.8332532115663,-1.4177234444963531,0.0
0.18324499638543387,-0.31622725258651774,872.487907982698,31.683691154993408,29.99978191187774,-9.186794152769712,0.0
0.06896005900902732,-0.24179719420912302,692.4357212003871,2.84247195663549,31.477170780979343,-2.543464146663037,0.0
0.10684781549192424,-0.3343296541681773,585.3663192753484,2.6442219376982066,30.900715025230525,-2.544695519212288,0.0
0.10264730499302513,-0.33219583418865467,768.0101572419181,1.8106630528761378,30.63724292449932,-3.5573234469722195,0.0
0.08454440025248519,-0.3005240910106891,890.7604106139842,2.5779889835501586,31.446310916683995,-4.070038510208801,0.0
0.10727090165075208,-0.2739376033841866,1164.5340369904131,9.718364531763186,31.44329473240289,-4.927104859609302,0.0
-0.02233224012924799,0.0816760055698982,,,34.96532074508577,-9.15387806116283,0.0
0.09819570230818836,-0.34906745317700144,1266.363901155689,1.7227216491436397,34.15406522643458,-1.2577343554968028,0.0
0.188362682472357,-0.3174612369227867,114.07136820358717,1.3547438092159654,34.17580041546969,-5.820575190826405,0.0
0.28576763052530857,-0.4197405116298638,41.01308584686775,2.935309986808183,35.15433536830437,-6.119396456855368,0.0
0.20761490653843329,-0.3506804290276122,105.72474000572464,1.5657113496048987,32.82739678938839,-8.85191833331178,0.0
0.12082166907523507,-0.2584463312390098,2151.008862344668,46.42313866596462,31.95321886006545,-5.323000518604174,0.0
0.08872613286594459,-0.3154020661607434,409.30613264083104,2.3388098175163536,28.354165059634173,-3.9235072955727386,0.0
0.08570508305458265,-0.39090683242415997,489.5731046041605,5.6149761818821675,29.787027053753537,-1.4669321923196694,0.0
0.09849978993596736,-0.32497051833663626,434.89906878942617,2.0293608939740557,28.170933779270605,-6.396100483518545,0.0
0.09851461676066865,-0.3118872721792798,478.89358717434857,2.2649837667495802,28.030372868667087,-8.238483030611393,0.0
-0.02484528938046138,0.08680812049762092,,,34.50815500113025,-9.316287559322186,0.0
0.058472455257277074,-0.22740792610673063,887.1670150293622,23.922779746595914,28.735546378584523,-9.52424535581834,0.0
0.26975641717699556,-0.41201861746824786,427.43191942669,1.6577158682776736,31.48369372914364,-9.006732439394488,0.0
-0.024000585982216306,0.056577991276182134,,,34.374828071428986,-7.050437173424526,0.0
-0.01280000033373343,0.0698404517665825,0.0,0.0,34.18681290610052,-6.908608503783655,0.0
0.08879770886929844,-0.28192825585687464,691.451708766716,1.9199658819642607,29.2200528778832,-6.2420394584169925,0.0
0.10508638703455024,-0.3036508231202594,1789.8695397244203,3.21651864151422,30.595358871621144,-7.537249773613228,0.0
-0.0026426573370447507,0.0958894123110822,,,33.14991033702019,-9.747576272133507,0.0
0.09393808935318412,-0.26033029372779626,1454.4760237330997,18.251436538018023,31.01897292512309,-5.6800712424260285,0.0
0.14311908269627388,-0.29730684826567655,1088.1936486995855,17.833656163189527,33.89554926559966,-3.627390775613111,0.0
0.09666968574406017,-0.3152119051759613,1202.4132559264629,1.118143964488551,31.55883397498688,-5.3846303012437255,0.0
-0.019698902998920104,0.19564940193429284,0.0,0.0,30.17464945831089,-9.986404707395645,0.0
0.21162786388549806,-0.3945219133152952,101.0660999140319,2.4292706328399625,32.700544245898215,-8.942289012541085,0.0
0.11569999499849447,-0.24794595026147367,94.1773938887341,4.584913198433109,35.118129488171846,-3.842942483780055,0.0
0.08459453915527114,-0.37810644132997995,513.3668238067174,5.8085023766778745,30.08078220533945,-1.0793438560937698,0.0
0.09535879884176623,-0.3636839780608092,1131.6779724891649,2.1926657564665732,33.955466494258545,-1.5439811598918585,0.0
0.06968004922370065,-0.2446797183531719,617.0435594886922,1.927893638276772,29.967782542210664,-5.405757275862671,0.0
0.15535464182449252,-0.355223453892768,556.646794688067,2.4963407183121706,32.67749472861636,-6.950034158748642,0.0
0.17128972452601351,-0.34718428495664816,36.3094017094017,6.7940873100320625,33.21326566102541,-8.131833244233043,0.0
0.004403301454684488,0.055527627239048055,,,35.91907075652947,-8.3092405912074,0.0
-0.07733290397492588,0.29980929538216744,0.0,0.0,35.37710392189674,-4.882809221508158,0.0
0.09623935769063659,-0.3352899563057368,1374.3616555661276,3.133826310238663,33.08312613198281,-2.15588616528737,0.0
0.20877906609163382,-0.3673196164267156,786.4777535338205,1.8993515181494176,33.29081348359188,-3.7371600867481063,0.0
0.08972465039761889,-0.25388845718177205,562.7120030801813,4.6383657045113775,32.00932423672717,-7.076509269475057,0.0
0.23409019266476844,-0.3687227749196744,578.5423381189568,3.7733241129240516,30.67356236349987,-9.75563278545738,0.0
0.08586942431082548,-0.33065341302090817,620.6320354854608,3.623082152296275,29.802488857754007,-5.008898080080114,0.0
0.10543216473771061,-0.33865698017490165,733.8823068638011,1.3105893025584547,30.38580253706685,-3.687038936137835,0.0
0.08729303154456727,-0.27899741743607953,1364.2763007975695,2.9520739285871405,33.23260611518048,-2.923561136065879,0.0
0.10311474459806948,-0.3639211190416408,604.2357366158653,2.780484342229184,30.66500631122626,-2.1755424771189844,0.0
-0.04957877208549846,0.17531189057940702,0.0,0.0,35.401700665212054,-2.3712408871041517,0.0
0.09343193825732987,-0.35514986292708844,1371.1787416587224,2.381903886957647,32.85581523222271,-1.118555413706618,0.0
0.2256921990273208,-0.33184910373424875,719.6718106995886,22.841300556572076,34.50188779000492,-4.3032102917727135,0.0
0.08315367384115906,-0.29716498675956154,1073.9739720860052,1.54082481925081,33.82833248096462,-2.2328021626327086,0.0
0.056523952579216934,-0.22949355499356724,760.3995431522494,15.786295081706958,28.99415465005872,-9.051572998039669,0.0
0.2578948460839246,-0.3283264843935399,1932.7814212814212,27.394896493151904,33.6541829365687,-4.036435051667917,0.0
0.0951540172608632,-0.38297105983875346,593.2506870828427,2.587129367792058,30.171758808600785,-4.318809676057906,0.0
0.19918174944688632,-0.3236888493259045,1373.2432892249526,8.30169168148569,33.61459766668853,-4.614845880771043,0.0
0.08751440276413665,-0.2584185431981841,398.98514803741915,3.3166436068070566,31.858899046542803,-8.449171370860256,0.0
0.09957470353559558,-0.31634620985447004,1344.723644003056,4.02657551092143,32.74801298655386,-2.787339429596651,0.0
-0.18783092040615934,0.5066877745342193,0.0,0.0,33.32992221317576,-8.426554496467837,0.0
0.09547616406820149,-0.3843621769340394,810.3098046799458,2.2280443504827296,31.60927825917692,-1.2084375254528794,0.0
0.10530048731510958,-0.23497633594786838,2564.1852572206553,24.163120205133644,31.047300110742192,-7.735467991807317,0.0
-0.06808188343124942,0.14996264307262108,0.0,0.0,35.99949321449369,-1.6173286940859324,0.0
0.1462702686176911,-0.3691669101913776,335.9064627528367,10.137542889857052,29.60350399058354,-9.83988418103521,0.0
-0.07083133282997267,0.24954528601823922,0.0,0.0,35.69916220691535,-4.572723959745995,0.0
0.10445285446084718,-0.3498133558637689,955.0402990872013,1.4793702940401066,31.17451012309421,-3.50779296010311,0.0
0.19245917275012872,-0.34903937461502477,718.8632983794089,1.8909024081591546,32.89654747662551,-7.164179413227186,0.0
0.09190285338593071,-0.3292776555174699,1141.1614150396285,3.0776323212811216,31.66251821584527,-3.702368935241727,0.0
0.07240308098262568,-0.23949869936832788,916.4152212044431,2.4165577698732017,30.83360171306787,-5.513453850790715,0.0
0.1056317523271146,-0.3814365440011763,1321.8549851830603,1.628271676371355,32.63546587600894,-2.5400026318733597,0.0
0.07592037080340955,-0.2601072336117191,1290.148330542697,21.53504615373404,29.839138861306026,-8.197818775178543,0.0
0.09082843363880373,-0.3013186294034049,1042.0281663153864,1.6995617918213022,32.469506866258115,-2.4457774017483844,0.0
0.0867318077268091,-0.28075618919198037,547.2127659574467,2.24882812210901,29.777883406175256,-7.342244966601263,0.0
0.09817672118399064,-0.42621568132063686,531.1701495493711,11.027001466170711,29.25293247846737,-2.9314628888522822,0.0
0.09566362706472577,-0.348094471343857,829.4928026277651,3.1396169183986253,31.70951262062884,-2.257260971257651,0.0
0.09638865075089413,-0.3060832329551274,384.3314302884616,1.3434669976639877,28.083344390478008,-7.005947287380412,0.0
0.15109504298354012,-0.30541082722848795,667.6887250326674,3.4811706303470906,34.7149194341542,-2.0435267157876016,0.0
-0.035346239931734164,0.10309818307300041,0.0,0.0,34.4522999339744,-6.664691388369291,0.0
0.08623614182650871,-0.29533908438708467,1324.661386328725,14.845042004648745,32.2581669657468,-1.9419010673295047,0.0
0.10773913106471801,-0.4086888798597287,118.12909573944702,5.095882725390025,29.948703348813225,-9.526946234404656,0.0
-0.214458204800837,0.5181906374455832,0.0,0.0,35.22017655247816,-3.7905682094458433,0.0
0.09439013486616189,-0.3928115887564967,533.1200553797466,3.7581115630042685,29.441197487058496,-3.1630520961851456,0.0
-0.04693868608572745,0.29281399047506246,0.0,0.0,32.94397064787698,-8.983332248834094,0.0
0.09517800787811093,-0.30908969209379217,1180.9389398763808,2.7944935430221545,34.40615332067055,-1.019808881343467,0.0
0.10632114089275575,-0.30477123653673804,438.7496275605214,2.4563079643182917,34.864073300376745,-3.326475836868818,0.0
0.11790152165580826,-0.21014338635695,279.7671784310054,10.473510713144055,34.445774362275486,-4.97717341527631,0.0
0.10704909773091184,-0.3287038961823994,592.25082048732,10.654615543966884,28.854103153223747,-9.988132664857895,0.0
0.14216592542694123,-0.29550364710943916,299.99334832302776,1.637033614809845,34.374588384193906,-3.223605339427684,0.0
0.09896805551547833,-0.39926905527601064,442.63227936762047,9.859645742632328,28.155187780792467,-4.454101709879812,0.0
0.10122021280264747,-0.31203003562989207,725.8458076509148,2.042767561210411,30.42450561438101,-4.423763352805927,0.0
-0.027423023222782627,0.062121627201053374,,,35.35929484205572,-8.807924803224063,0.0
0.08773459594762147,-0.3038912241474875,527.3805037683456,2.272887692103685,29.118025434101547,-3.851056234039113,0.0
0.08477059528905559,-0.30162758952585805,523.4476796184041,2.075937551950145,28.94485553286864,-5.200364795053981,0.0
0.08244200845560233,-0.2546878763693713,989.9443431532485,1.2625624893745986,32.268676909042114,-3.099640287855041,0.0
0.08285892985800382,-0.22994742358565237,911.5578224619912,2.3733239271189315,30.19295512046743,-6.636796106347807,0.0
0.0856037231532368,-0.24033622206024924,790.104243363689,1.7262549698179572,31.4233741831735,-4.293593086351661,0.0
